house_id,num_rooms,num_bathrooms,square_feet,location,price
H0001,3.084705959610856,2.0015558747560274,3959,Countryside,652583.4616337417
H0002,1.9092293388844865,1.2980498335184747,999,Beachside,875964.3020773727
H0003,4.16032791058113,1.2460547760901586,3335,Suburbs,593180.7032125907
H0004,3.538614433282624,2.9219327105033273,3514,Downtown,349318.85018912045
H0005,1.7289981272096235,1.1007803141357224,1121,Suburbs,385411.3685089961
H0006,3.0867631616122404,1.5483947038915902,3358,Downtown,479635.7869775664
H0007,3.277706430455378,2.7621030321964337,2774,Beachside,824168.9654182706
H0008,2.8985001108164616,2.3177746613359274,2724,Countryside,883267.036656443
H0009,,1.2532308867907285,666,Suburbs,565693.6358468048
H0010,1.4454785232428136,2.2672415576348324,1623,Downtown,159623.35366438288
H0011,1.8652528404078215,2.9840459964906056,3633,Downtown,146334.08579599508
H0012,4.199912089942027,2.630725769195238,2885,Downtown,928444.017275395
H0013,2.3312858739968068,,1565,Countryside,393365.93949723075
H0014,3.651044212906469,2.4203512654525863,1013,Downtown,495621.45850823575
H0015,3.4303470454476805,,3842,Beachside,437691.03903438186
H0016,4.048149200404625,1.636923929848138,3553,Downtown,998939.5126086314
H0017,2.867961961481269,1.3191031044128139,1748,Downtown,596920.9030657983
H0018,2.040764846438913,1.8989852775775506,1906,Beachside,451964.3963006652
H0019,1.9751602222727076,,607,Countryside,806253.5864643696
H0020,1.2655890541839305,1.9620341266238641,919,Beachside,913321.834102367
H0021,,1.7036038235426911,2147,Beachside,704827.6539076273
H0022,2.1898055695609644,2.654229169580588,2036,Suburbs,776825.01944853
H0023,3.328290478797261,1.5763362829079486,1078,Downtown,846702.3177236761
H0024,,1.6268625455321042,3991,Suburbs,681007.466321825
H0025,,1.257132976528033,2956,Beachside,816822.8839336412
H0026,4.640528497222782,2.4598808267333596,2608,Downtown,793793.1880401446
H0027,3.1324568788026492,2.810862370541229,1096,Downtown,206805.0105141517
H0028,1.100931702045762,2.358512077384666,3992,Beachside,955893.6365884604
H0029,1.3915152967387323,2.3664000064572717,1930,Suburbs,119178.1507144128
H0030,4.294773305517784,1.120867710581141,1421,Countryside,668003.413055267
H0031,1.5195058644959665,2.2720455691941286,2851,Countryside,259345.42002019976
H0032,1.0294871680271074,1.7764468103269768,2957,Downtown,798010.8769999885
H0033,1.973180325075159,1.966774167797725,1916,Countryside,960613.4521864903
H0034,3.902367648114568,1.6929904554579565,1622,Downtown,836323.6761197882
H0035,4.387336766275353,2.747644552709148,2240,Suburbs,851635.8452486307
H0036,3.100164591903485,1.8475812356585046,2498,Suburbs,862155.199285106
H0037,3.818533318022883,2.267856698357206,3050,Downtown,853486.46356591
H0038,3.6796102294310935,2.7713339796576104,3744,Downtown,356189.11953304464
H0039,1.559542775382924,2.156772605611523,3243,Suburbs,100992.99352886158
H0040,,,2408,Suburbs,593103.7734340492
H0041,2.436485996124976,1.3841399586538314,3233,Suburbs,836848.2673200212
H0042,3.690818126766014,1.6517486418704197,2773,Countryside,996900.1996320671
H0043,4.121850230281563,2.7867334472303167,1130,Countryside,973405.0740080045
H0044,2.5616582855678645,,1287,Suburbs,613932.6388606634
H0045,2.5255587975155684,,3743,Countryside,339396.2028294712
H0046,1.9113546858251356,2.688726156601284,2572,Countryside,231707.9204552985
H0047,1.5408241168978853,1.8468728628341473,3363,Countryside,996498.4388758437
H0048,1.1379296842279158,1.4727959066190381,2381,Suburbs,968222.567379187
H0049,3.422230726397017,2.86972472832402,1429,Beachside,498571.86296338675
H0050,2.8351503533370668,1.998704940973364,1689,Beachside,957163.1594910253
H0051,1.2629276319048985,2.186685029772418,2661,Downtown,463357.0769400647
H0052,3.873404919379226,1.9094884598900927,1332,Beachside,267965.68452521146
H0053,1.7656167937147198,2.4878849884010714,2871,Beachside,218483.862171033
H0054,2.6256571097993673,1.188712054719718,2971,Countryside,635357.5120603922
H0055,1.9425445356516757,1.517093422481892,1923,Countryside,734405.1381418193
H0056,1.2122107578623904,1.0837055608760136,1775,Suburbs,162837.41872714786
H0057,,2.307740314421147,3105,Beachside,161035.98973058205
H0058,4.587616259946449,1.298166558716626,2845,Countryside,929153.986182438
H0059,4.4549990323083914,2.870736125404941,3860,Beachside,222304.32467080822
H0060,1.7863739441356148,1.9553574419712443,3725,Suburbs,175965.38351408145
H0061,4.039359918165675,2.850019146035378,2006,Beachside,929434.1658264282
H0062,4.646585888294114,,3297,Countryside,139134.3643045515
H0063,4.9180397861111205,1.267747486822037,2411,Beachside,593239.0898082476
H0064,2.94492930830841,2.75986289312537,797,Downtown,238570.35503335425
H0065,4.774428346328744,1.1381862128529752,2573,Beachside,615572.7483936942
H0066,2.8118329625291825,1.608999569975674,3832,Downtown,146934.54745311066
H0067,1.5753921464459308,2.9257738273517844,3997,Beachside,228819.61933042953
H0068,1.4821255864477614,2.0028724012932706,1898,Suburbs,454148.7098690437
H0069,2.750402094995523,1.7466634873503064,1519,Suburbs,364197.49977551936
H0070,3.958846130162518,1.2977104986988643,3167,Downtown,844949.9120655839
H0071,1.384930721201088,1.0849379548760667,1691,Countryside,652909.0613747003
H0072,3.4688850107335076,2.228680416075095,2571,Beachside,308860.5106183111
H0073,4.0610754941407725,1.5220720709512399,3451,Beachside,174489.63905917987
H0074,4.894966616919795,1.092033837695492,1038,Countryside,172831.51105612924
H0075,1.6158283425708513,1.8725494021893316,3401,Suburbs,522585.0962062171
H0076,3.689344491659123,2.374611942549527,1982,Suburbs,736636.2898016493
H0077,1.410836013466235,2.0223955136582092,691,Downtown,460564.0352199261
H0078,4.522651118910458,1.099981193705819,3721,Downtown,104922.33388574742
H0079,1.2650367583840278,2.532325312311565,3774,Downtown,478698.6628937839
H0080,2.229884700858533,1.6478756043078522,2862,Beachside,830021.302991626
H0081,3.813465681589798,,3716,Beachside,956819.891571899
H0082,3.014662464940666,1.0143002661004055,3788,Suburbs,173906.4753392504
H0083,2.3588168183016665,2.2853754609609833,3967,Beachside,486929.0486851119
H0084,3.3401659610342964,1.94967600762367,3456,Beachside,531188.4817528839
H0085,3.777843684914966,2.3404515301303572,1166,Downtown,652736.418834923
H0086,,1.1409690414332343,3486,Beachside,851048.1116713729
H0087,3.253022548644244,1.363954385267592,3139,Beachside,784955.2543391474
H0088,2.184444545217223,2.507246614889417,3990,Countryside,424471.86755710456
H0089,1.6633743157447625,1.0899580221945802,2647,Downtown,534434.373924869
H0090,4.151332271709936,2.704169740484928,1210,Suburbs,137431.2798558222
H0091,2.9380537462816747,,963,Suburbs,655900.9864541881
H0092,,2.6840948032612824,1487,Beachside,407869.345860868
H0093,1.7113555070556723,2.0720330645075142,791,Downtown,841710.7018861342
H0094,2.734579475575607,2.4903697544214767,2950,Downtown,805155.9437651489
H0095,4.933709652175276,2.272205296506537,2929,Downtown,929317.9478081774
H0096,2.9328871200680453,2.578868561455583,3602,Countryside,935514.0152541739
H0097,1.7244121742979495,2.2754562864493018,3556,Suburbs,680870.0704787647
H0098,3.859074483941301,,3606,Countryside,803736.6973260896
H0099,2.051442451670565,2.67718342149047,2206,Suburbs,797672.7121051827
H0100,2.363199770659898,1.5966027977208896,2790,Countryside,804175.1065221004
H0101,1.8858015445288365,1.6035752457474481,761,Countryside,525644.6895761197
H0102,4.464923472709141,2.4221943413498845,1450,Beachside,588667.0500260035
H0103,4.604761215698206,1.5241558705811884,3747,Downtown,184024.15764191642
H0104,1.2117905342015995,2.0059329902646286,3430,Beachside,328458.0617393156
H0105,1.543224938678359,,1557,Suburbs,820157.0144481638
H0106,2.686264118599322,1.4831883958804981,3011,Downtown,906470.2365934034
H0107,3.326186567158426,1.2757403733378356,879,Countryside,421293.16953902255
H0108,1.2248542347796207,1.8314300554732874,3730,Beachside,400592.2532622574
H0109,,,3295,Countryside,695123.9930561655
H0110,2.968006085510755,1.2625425247484159,1965,Suburbs,771055.472793904
H0111,4.572443494073038,1.4255352858980632,3025,Downtown,606061.8776676013
H0112,3.3237659497778984,1.8907229142430229,635,Countryside,317089.1895493071
H0113,1.3722912020765698,1.5142557328031054,2194,Beachside,882949.6119073598
H0114,3.7309196266383724,1.9243765321228186,3426,Countryside,705030.2871196494
H0115,4.706743403184524,2.4089485827746633,3360,Beachside,151037.19729721808
H0116,1.398345657561936,2.8707360126416357,947,Downtown,893076.4544017657
H0117,2.2986377759730243,2.1973203506297136,2631,Countryside,984270.4690846822
H0118,1.5505861809799653,1.582082161963594,3960,Beachside,505549.8986129769
H0119,1.1859634924043752,2.9735014358023073,1852,Downtown,846722.6687426114
H0120,4.387553696529584,2.636615179051836,3127,Suburbs,483146.86227325967
H0121,3.026991169458853,2.1377691867129993,1245,Countryside,342817.7803201836
H0122,3.998595277152228,1.4041875498277023,2688,Downtown,202704.64634754218
H0123,3.849571116722224,2.7624590633389134,3988,Suburbs,123325.08046095843
H0124,,2.393676444353044,1871,Downtown,327381.52158311463
H0125,4.8793333217230686,2.2481456458625404,2365,Suburbs,283662.8279509845
H0126,4.842448361793684,2.2879421770184387,3963,Downtown,878930.4138510107
H0127,1.5435203476238706,2.0730622618693055,1664,Beachside,379803.5176834784
H0128,,,1605,Countryside,806626.387962007
H0129,2.4054486407776494,2.564724960933291,2968,Suburbs,617263.4170015203
H0130,2.632508510180517,2.112163662903705,1177,Downtown,867936.6683943098
H0131,1.218608206138204,1.0310772942128468,3850,Countryside,317040.764109795
H0132,3.36274622334261,1.47044850123576,2049,Countryside,271521.62877550174
H0133,4.249983894830734,2.6056527950698314,2280,Beachside,537064.2542945042
H0134,3.749310173172332,,2316,Beachside,243873.23935018387
H0135,4.189990998039612,1.316451913442149,1768,Suburbs,265253.36855793925
H0136,3.8215016227942282,1.4974465223337425,2210,Downtown,556072.002063509
H0137,4.766474211879524,2.599055974599982,3256,Downtown,483739.98845124163
H0138,1.3276330981765643,1.427257041689694,2476,Downtown,143915.6442243331
H0139,,1.5698324109122705,2126,Countryside,199918.7463603652
H0140,2.0868818523513837,,3904,Beachside,639510.2186027867
H0141,2.1230261312511254,1.2279052701042883,3876,Beachside,263509.45134171704
H0142,3.1230890050879903,2.0527666101241095,1451,Countryside,308809.38559832773
H0143,2.388406867082414,2.5709348332867066,688,Beachside,475514.6855197388
H0144,1.3310259400268794,1.219503287149305,1879,Downtown,129787.36031038422
H0145,1.296434918826804,1.0614183199166993,3536,Countryside,508574.16337031877
H0146,4.468484230289302,2.3125475070439663,2737,Countryside,396663.29136092495
H0147,2.1451459247952496,2.4685325400221805,646,Beachside,909592.4026567952
H0148,4.889891612703785,1.538056349923223,1534,Suburbs,876906.9245789349
H0149,4.743154922607644,2.175210071719991,2231,Suburbs,902531.9739591269
H0150,2.1180005139345077,,2745,Suburbs,680190.9453587267
H0151,1.8994721155347207,2.984815031668413,2162,Downtown,976255.4595540082
H0152,1.690271934553485,2.0993798519440885,2790,Countryside,523775.2188282216
H0153,2.613202952677016,1.959376082334153,856,Countryside,944261.9454872789
H0154,3.888577275275217,2.1782717716116955,3144,Countryside,407421.80951183784
H0155,4.412595983886441,1.3662616418717535,3332,Countryside,975633.1303732278
H0156,2.189974996159916,2.078142491062711,2769,Beachside,418353.2412180146
H0157,3.329602111136648,1.106848579415403,2011,Beachside,538127.2985791303
H0158,2.69232849689423,1.1733254687648662,2404,Downtown,163457.05736634554
H0159,3.5779296213251754,1.6183070757396203,2862,Countryside,880527.5394964955
H0160,4.771347811535457,2.3527235656403853,736,Countryside,196719.3688638605
H0161,4.357895001808524,2.71816478881465,1699,Downtown,843330.191882241
H0162,4.871183185373848,2.904322699921379,601,Suburbs,833724.9974110377
H0163,1.7978222743118222,1.8561483539323078,2624,Countryside,758902.6313506184
H0164,1.0660491888939254,1.120480264489376,1830,Downtown,267060.0026876463
H0165,4.2822643201676485,1.0217828674691416,2056,Countryside,424973.25404247723
H0166,1.5746669334833592,2.4790336686361263,3955,Suburbs,769103.0558950112
H0167,1.1891863519612542,1.3474662874099852,2366,Beachside,977941.178232753
H0168,4.978083367795233,2.109771118637595,3983,Countryside,362295.06285131496
H0169,4.878408927175911,2.9937733040137697,3064,Beachside,763255.0374017536
H0170,4.6525393070636305,,3601,Suburbs,453000.2870479213
H0171,1.372359385094891,,992,Downtown,113178.96677413995
H0172,3.332896760605811,2.5100640724447247,1115,Suburbs,592369.0999883896
H0173,,2.4267542533573287,992,Downtown,593073.3322213255
H0174,1.1190899067020283,1.2173061269933487,1942,Beachside,979636.1511240648
H0175,1.0243765923663681,,3689,Countryside,874053.982369602
H0176,4.052437975706009,1.158745078938428,1933,Suburbs,405953.63751376554
H0177,3.4281902592632783,2.9100271041051533,3496,Downtown,116930.85743717986
H0178,,1.4427659116398992,2378,Downtown,247944.84475046548
H0179,3.078094217004241,2.6665205657820135,3839,Suburbs,544633.1917451562
H0180,1.8502273270836516,1.0378431496948703,2158,Countryside,450740.9931597084
H0181,3.5424310611627967,1.502584079495861,3663,Downtown,894058.2860102712
H0182,2.0232820297156793,1.8859601449760155,2331,Countryside,828871.6766759743
H0183,4.354133624771533,2.6569142336653524,656,Suburbs,951716.9636413225
H0184,2.09644530894197,1.5092116339061494,963,Suburbs,627237.8771837963
H0185,2.5955909595746505,2.988585403257048,1938,Downtown,428424.3118200581
H0186,3.2774741435607253,2.164583319893216,3180,Suburbs,701628.1048056287
H0187,,2.737482310045496,1592,Countryside,599925.8485770037
H0188,3.524543674681059,1.228111255326122,1791,Suburbs,126044.19279340349
H0189,3.1328181375653923,1.0309644975570256,966,Downtown,651134.8343422988
H0190,3.5532474949040953,2.913647198425391,2561,Beachside,540097.1828141892
H0191,4.319224751379339,1.9948433623822872,2307,Beachside,783281.404574719
H0192,,1.3608535817295317,1100,Downtown,375999.1440334523
H0193,2.2414190564525636,1.1140704421489411,1907,Suburbs,295003.74672543234
H0194,,2.841312926024076,3556,Countryside,316080.0668979997
H0195,1.1878101492282358,1.2099783303676037,2952,Downtown,688503.8328858926
H0196,1.6305066692462264,1.847739721145301,1949,Downtown,294711.7685355978
H0197,1.7804962171649423,1.0897335617141677,655,Countryside,220378.29023224898
H0198,4.7681913325526235,2.281145642476171,1175,Suburbs,999171.4962570977
H0199,1.1284663979021228,2.728992378200901,2665,Countryside,222802.51632576968
H0200,3.5280112364126768,2.3959488120787604,1883,Downtown,946487.2422495988
H0201,4.379858786578767,2.7966547712941288,2306,Beachside,198558.6935687684
H0202,4.262342308488897,1.7357760647943663,1713,Downtown,386927.24889596296
H0203,2.4574056597273852,1.7051286184912786,2944,Beachside,388461.4240593445
H0204,3.641665176260832,1.1189428549210114,2708,Countryside,392024.6536673249
H0205,4.80823731513302,1.9803489230710039,1331,Downtown,407569.4775898765
H0206,2.2011901969800673,2.565880738493079,1055,Downtown,408148.2519380116
H0207,3.536119059654744,2.8668639117868286,1336,Suburbs,798989.124716266
H0208,3.1854139845100153,1.8360494847979532,2736,Countryside,752710.8008117533
H0209,2.8334216164083617,2.974503199417263,2889,Countryside,110597.20628205492
H0210,3.2078579934107783,1.353616561107832,1742,Countryside,371074.0055989311
H0211,1.2011602496317995,1.397988698183252,1354,Suburbs,408044.3228370996
H0212,3.157205587939736,1.602611605173296,2621,Countryside,214831.376617232
H0213,2.1363984196602956,2.4270029760464533,2275,Countryside,489019.09541795944
H0214,4.483211973998104,1.1548248105726706,3687,Countryside,237619.7554649125
H0215,1.3878750435099878,1.71230563073503,766,Suburbs,641550.9598286467
H0216,3.334119473222761,1.1375699871351361,3701,Suburbs,809835.7891287341
H0217,2.3900949728729053,1.6222449946970314,735,Suburbs,955844.6206495047
H0218,2.880961667896233,2.9322261835227534,1391,Downtown,440724.61627378233
H0219,,2.4074564174169866,1940,Suburbs,801037.5193717272
H0220,4.017156026077545,1.055835340869797,662,Countryside,832675.3509732947
H0221,4.1719984900688,2.551742177576032,638,Downtown,865070.6512741755
H0222,,1.2002523095499416,3478,Beachside,774093.0893047509
H0223,3.625207411132537,2.3874051406220484,1945,Downtown,205372.65436860628
H0224,1.4486792847350456,1.0215226581750463,2872,Countryside,359400.7670561196
H0225,2.2492205689175857,1.970865720818683,1446,Suburbs,230057.03132180046
H0226,4.912600559270521,1.373574471644429,2098,Beachside,574500.8468716862
H0227,,1.9605493445435351,2816,Countryside,931944.3092791968
H0228,4.941836181786708,2.0859530165683347,1327,Suburbs,833462.9547164348
H0229,2.6993960398824965,2.2652272903695767,3364,Countryside,559392.3209131674
H0230,4.081027814674838,1.2067936664968602,2043,Beachside,965343.0878322244
H0231,4.03142953130142,2.304964023763167,888,Beachside,967303.5161617183
H0232,2.891873427957513,1.5073480471416367,3367,Suburbs,601796.021860433
H0233,3.325963844576945,2.93495255471145,3954,Countryside,269264.29979520343
H0234,1.8925160912468226,1.2159856343148996,3194,Countryside,656982.3683261209
H0235,4.989161586007633,2.4026000804604113,3044,Countryside,162287.25004756494
H0236,4.815286980677243,2.285758711897217,3724,Downtown,872145.2683519712
H0237,4.803300974508083,2.0322517746566326,1199,Suburbs,802922.3096193275
H0238,2.625083418761198,2.868699227779567,3670,Countryside,399763.15379167994
H0239,4.330060681656922,2.257653863452024,3830,Countryside,146190.5381711326
H0240,,1.2409786210723088,3392,Beachside,308531.26180144196
H0241,4.573483328635858,1.3908292588789621,3246,Downtown,120631.70868180391
H0242,1.2747653849660172,2.975971107515213,3653,Countryside,645913.0844520369
H0243,2.257489456289275,2.692278256880136,3900,Countryside,964442.3128458847
H0244,1.7749095358191687,2.3098776014922002,3872,Countryside,231405.54162676228
H0245,4.31324135609204,2.5449863880741326,1347,Suburbs,851453.1728830113
H0246,2.7237639836104934,,2834,Countryside,709594.8898210111
H0247,,1.0679852514412371,1076,Suburbs,106903.46109292819
H0248,2.1688824048221784,2.568843683555615,2712,Downtown,444073.25750796654
H0249,2.9613124036327947,,3107,Beachside,810148.6789528467
H0250,,2.714859924499944,3953,Beachside,582079.5718102042
H0251,3.1094467537572013,1.2303750854126825,1732,Beachside,482577.44827347447
H0252,1.0246858844868028,2.254601890967783,3780,Beachside,281140.47092495166
H0253,,1.735519834235382,1501,Suburbs,280082.4958962852
H0254,4.102741924708297,,626,Downtown,367898.29366554396
H0255,3.7579633350655066,1.1115071967778694,2456,Suburbs,862377.6865784379
H0256,2.1094773319765623,1.0482941938888615,1196,Countryside,363566.3242745308
H0257,,2.2566436986388854,2206,Downtown,825658.6004067395
H0258,2.2165630293089147,1.5847327055572507,2736,Suburbs,854762.907386378
H0259,1.9739699573361777,1.8776334278521565,3603,Beachside,365801.9777354025
H0260,3.3932977359958354,1.3792606795085818,2195,Downtown,829847.1810376609
H0261,2.633797426995793,2.7022511874792645,632,Suburbs,112473.38499492731
H0262,2.4305932628459352,2.9113514573088985,1904,Countryside,781141.1896039281
H0263,1.0935827928904662,2.770440913496148,3029,Beachside,788522.1211897265
H0264,2.8622441686785693,1.3281204855529725,1887,Downtown,260352.43934196886
H0265,,1.489613491417965,2268,Beachside,949786.4970060393
H0266,1.3230256119806776,2.8269603136036414,1362,Suburbs,530602.7479179814
H0267,,1.5595910058047977,1263,Downtown,734968.096327677
H0268,2.5488638131687247,2.464459805809928,3929,Countryside,287419.6986127944
H0269,2.7013262218835594,2.896150143517966,708,Beachside,875569.8929017012
H0270,2.527109550832311,2.3212772878914234,3143,Suburbs,899450.245513614
H0271,2.5923683170994036,,2126,Suburbs,960570.6084280417
H0272,1.165178413529251,,1426,Beachside,601961.7386417917
H0273,4.035333871989429,2.0946278727067904,3254,Downtown,242865.48248532377
H0274,1.7536686724095616,2.6873645290556984,2596,Beachside,439939.8661740398
H0275,1.149576071715166,1.5471722025384285,3920,Countryside,674120.1373214289
H0276,,2.1011815992246907,1000,Suburbs,632106.5359781714
H0277,2.482768678550199,,2098,Suburbs,596429.4388583957
H0278,4.657227706737869,1.4962342540833018,3905,Suburbs,319393.24034245394
H0279,3.3814660372628316,2.1097883831723085,3872,Downtown,976945.8057776219
H0280,2.331234365604235,1.079900481705462,1839,Suburbs,409212.6627578369
H0281,,,1407,Suburbs,607452.5779005826
H0282,1.926938192129894,2.6663102355478046,1459,Downtown,382375.5891288985
H0283,4.816826168221877,,1799,Countryside,569293.8413165812
H0284,,1.180464276699125,632,Countryside,697918.113427052
H0285,2.626599737094613,1.9526477259964152,2956,Suburbs,660090.3542681984
H0286,3.192083526596718,2.9378563000904157,2517,Beachside,495154.5193781192
H0287,2.6158050344239068,2.5914339014861416,3985,Beachside,300731.33081162727
H0288,4.940351703485298,2.266269661256409,2019,Beachside,607040.4372055936
H0289,2.0618034500370594,1.1471117299055409,2339,Suburbs,142840.87567144414
H0290,4.000941880022252,2.82997455415392,2257,Beachside,213936.30636677996
H0291,2.573626813427672,2.4174715827153337,2770,Suburbs,436436.6467848492
H0292,2.01022793510232,2.729586753442942,1946,Countryside,437338.19960673887
H0293,,,3417,Downtown,832785.6061586716
H0294,2.3097967569124394,2.103867247399686,2777,Beachside,574959.560968656
H0295,3.859853186768275,2.36550220124433,1924,Countryside,943544.4567574176
H0296,1.8484931717267061,2.3360458751845155,741,Beachside,853585.3845731772
H0297,2.7631483736924687,1.3928102229694181,2218,Beachside,303560.6338017326
H0298,4.799501259903192,2.5807771810188385,838,Countryside,282333.6358184664
H0299,3.6799822673631972,2.6251602286222657,1796,Downtown,250158.59756470344
H0300,1.627414151238923,1.7984115437647055,1253,Downtown,577315.3403405573
H0301,2.1557224548726874,2.143090539225528,3494,Beachside,835780.3328986177
H0302,3.583240599079314,2.8074304361395406,753,Suburbs,704468.995441499
H0303,2.784774288935258,1.5479610058551054,1305,Beachside,462299.43965093384
H0304,2.473649220223888,1.3891083153221424,1175,Countryside,821394.7563592627
H0305,3.277608808615089,2.7819941521921443,1232,Suburbs,885842.0722505806
H0306,3.852330599457175,1.6572638849427914,1697,Suburbs,712027.3575654789
H0307,2.6754859374915636,2.6628479673968557,2244,Countryside,564409.9201629036
H0308,4.676722108672851,1.657817965859413,2736,Suburbs,140782.31606264703
H0309,2.611537049443384,2.701593131400052,2148,Countryside,979711.9805731691
H0310,3.6221073911975625,2.3240908114819723,3339,Downtown,532350.0051855282
H0311,3.124158022854315,2.9916597276296355,2314,Suburbs,865953.2417142116
H0312,2.308719709004551,2.5238482531938224,3718,Downtown,963964.7864804288
H0313,1.50885092279957,2.135933125040008,1847,Suburbs,520037.76506593975
H0314,3.7671702661388493,1.507794757519088,3321,Countryside,781479.455447227
H0315,4.452853063630453,1.1741830884559503,1710,Suburbs,222035.16155951787
H0316,2.1591226486177426,1.524809009027047,1163,Suburbs,165578.76593957972
H0317,1.829939164364693,2.241786314234598,841,Suburbs,236652.14236999804
H0318,3.380618772674307,1.411637967847138,1185,Suburbs,404014.48466939776
H0319,2.9951087458934715,,1739,Suburbs,601091.2493689479
H0320,4.378000216077399,2.864790782550658,3341,Countryside,420865.1023301473
H0321,2.9602439540535515,2.4002926030377134,1061,Suburbs,652627.0210591729
H0322,3.8656057182163446,1.2048311470572985,3878,Countryside,672289.552085468
H0323,4.769379952236189,,1452,Beachside,712381.2784002009
H0324,2.8049473518634245,2.0124238326786763,3215,Countryside,486942.3246694553
H0325,4.581642248364083,2.052869731713221,3278,Beachside,408018.4943955204
H0326,,2.3357787145404627,742,Suburbs,842187.7877590137
H0327,4.258235292816972,1.4024367367048243,1193,Countryside,692959.8044199527
H0328,2.526975750111192,2.5687538381341914,2576,Downtown,723597.0048596062
H0329,2.8160077126306455,2.5655296219351005,2044,Downtown,771066.661490267
H0330,3.1749158235906827,2.7811899328429326,3088,Beachside,504132.6091024868
H0331,3.5447348462127786,2.1497218584520077,1965,Countryside,486579.2421159444
H0332,,2.1401618582408526,2580,Beachside,648940.937383339
H0333,1.5092188734072804,1.4136761654631789,1007,Countryside,904881.3602669599
H0334,4.534199229778398,2.9428210064579696,2196,Suburbs,294727.3602797184
H0335,1.8089731221030783,1.424996579840032,1818,Countryside,186936.97739059787
H0336,3.357300497325059,2.9429895098506464,3051,Countryside,848602.540438212
H0337,2.244697366264643,1.6189933499471856,619,Downtown,210441.04533912503
H0338,2.0929473121806663,,3751,Countryside,440382.429307633
H0339,3.325174720454434,1.920588604219047,3970,Beachside,131475.2647121189
H0340,1.4504558993262253,2.1778145798975217,1432,Downtown,966432.3952221364
H0341,4.664181523164162,2.4839581144882352,3146,Beachside,117469.67345700439
H0342,4.372764081298553,2.449984043541751,2820,Downtown,571470.4226134152
H0343,2.7382241058364127,1.3436480829487676,3422,Downtown,916262.4656924983
H0344,3.133887648649708,,2912,Beachside,421029.375413869
H0345,1.128479672317777,1.0054790649196483,1089,Beachside,294879.2451588139
H0346,1.8397051522129755,2.1873859978790557,3310,Beachside,438193.3183611981
H0347,4.161433942244063,2.3846593351019587,2061,Countryside,484077.15356651996
H0348,2.0945801103775152,2.8110513958327163,1100,Countryside,643271.8451605889
H0349,3.3873641886731574,2.7284343458400073,1833,Suburbs,263157.01106413204
H0350,1.1372124237317753,1.7172128010987717,3707,Downtown,498459.6142739846
H0351,2.3043216889043925,1.450513316944109,2935,Countryside,218731.94970511552
H0352,2.7010508992091014,1.612686302765142,3635,Countryside,509542.676146533
H0353,1.7480275258282791,1.8182430902781281,3914,Countryside,885102.3644934001
H0354,1.4729031550206972,2.062523983242778,3970,Downtown,511278.9495032126
H0355,3.166107124414973,2.3556140578034475,1784,Beachside,228931.6979187968
H0356,3.3964081498407808,1.4020467404653296,1609,Downtown,251345.18675902602
H0357,2.305046767864345,2.8824660824165997,3912,Beachside,767816.7768509084
H0358,2.9155803378177145,1.3696314102865432,1499,Downtown,282576.2842632126
H0359,2.450423692005515,1.0911085331430685,605,Downtown,258382.95980468165
H0360,4.109898761774282,2.3206623577792804,3324,Beachside,104986.63715045559
H0361,1.1318828136013486,1.2952229076462678,1670,Downtown,413497.55952264706
H0362,4.496195386524397,1.85071862435284,3525,Countryside,594226.0801917906
H0363,4.024236832197975,1.8800193876477835,1927,Downtown,925973.853342741
H0364,,1.618183357113791,2918,Downtown,787767.2449960067
H0365,2.4685627257696994,1.0905345838514873,1771,Downtown,947679.1648963181
H0366,4.636554509971763,2.0867911820177616,2207,Countryside,621298.334696589
H0367,3.6934186132550963,,2389,Countryside,126692.7273415408
H0368,4.5050498717485645,1.7205199395871411,2182,Countryside,304995.01245166373
H0369,4.729667764888984,2.3013271882267525,3679,Downtown,796217.3483140413
H0370,2.28757591468692,2.3382289201199047,1638,Suburbs,247016.41715033498
H0371,,1.4756395502112203,667,Downtown,372449.0556898193
H0372,4.20311713566597,2.2130579984846586,1896,Suburbs,644170.5382408379
H0373,3.3519569408171415,1.4319513311275454,3417,Beachside,469318.65988100326
H0374,2.1069721619905426,2.6300583915533835,1298,Suburbs,905840.3178201219
H0375,2.416624104124152,2.0679187503427734,653,Suburbs,328176.11502932466
H0376,3.611568792864092,1.7304944067609749,2755,Beachside,972992.2609022196
H0377,1.1525285435886121,2.1629234501009984,1205,Countryside,616020.0529996038
H0378,1.7082992181669079,1.8493977486510305,1740,Downtown,663761.0129431444
H0379,4.1006404069550495,1.9024210441359979,3329,Downtown,263325.3441458814
H0380,3.7122379930459974,2.045175700278674,2208,Suburbs,634442.7119446958
H0381,2.834211783731467,,1022,Countryside,199470.88457682007
H0382,4.2875346178758225,1.734328924494826,3430,Downtown,817568.044305381
H0383,2.971763876465027,,1153,Beachside,160551.84933588124
H0384,4.8193418008575195,2.7002379934279976,3138,Countryside,339981.1284180068
H0385,1.6293554025549848,2.253107003072132,3029,Countryside,379018.0691547083
H0386,3.9266832809061927,,3627,Suburbs,571981.5307986836
H0387,1.472595426388145,2.0269255175351946,1290,Downtown,301546.54687347414
H0388,3.4191484494981745,1.386832567302666,3642,Downtown,741898.4919223746
H0389,2.413819234750491,1.9691846264781776,945,Countryside,785251.7474697427
H0390,4.710135263954973,2.9581733290497567,3845,Beachside,771202.1568013801
H0391,,2.023021817589612,2699,Suburbs,102117.72018671455
H0392,2.3859788543620266,1.115683226995698,2804,Suburbs,208459.85704849986
H0393,2.660372301973225,2.207420704641512,2612,Beachside,457079.5102368844
H0394,1.7593802214754635,2.7880274077380713,1522,Countryside,186266.83647785758
H0395,,,3364,Countryside,795374.4171329516
H0396,3.522822772562922,,1066,Countryside,754400.2151086266
H0397,4.9945622629911135,,3918,Countryside,378968.6943333548
H0398,1.1110545428702352,1.984314243865707,1827,Suburbs,348015.09497910156
H0399,4.347618723528612,2.282146186285216,3101,Countryside,740123.6402904604
H0400,4.4348540371751035,1.0908455695073767,3981,Suburbs,197004.80686341258
H0401,3.0830352292256316,,1084,Countryside,716528.7200444291
H0402,3.5631413448746514,1.594215838375327,1730,Countryside,934846.4272792453
H0403,4.111321925565605,2.1581265441149693,616,Countryside,820283.650205661
H0404,2.7583778796207095,,2256,Beachside,478756.3795994881
H0405,3.195677366908386,1.7482069802150935,2431,Downtown,180270.89379626687
H0406,4.155023893310304,1.578394438314974,1851,Suburbs,382881.02624263114
H0407,3.581978137490674,1.0384862257884633,700,Suburbs,492953.83265281696
H0408,2.184516694543716,,3638,Downtown,801482.7839531732
H0409,4.125718863716218,1.2534885834994145,2068,Countryside,153341.33746951676
H0410,2.7888052791628497,1.444278193720934,2166,Suburbs,801146.737977907
H0411,2.479581960980767,1.141204673114137,2761,Suburbs,798303.8395221283
H0412,2.0057922755271393,2.761898875586934,1455,Beachside,934655.7480913716
H0413,3.120674766174828,2.3030617477798296,3234,Suburbs,827734.4577057294
H0414,4.462282594259536,1.0610307957935536,2880,Downtown,184246.49951597443
H0415,4.8756566357471485,2.9278968898153908,2302,Countryside,695140.8562035003
H0416,4.380475473208509,1.4941017926378763,1528,Suburbs,148365.58397010187
H0417,1.8878513115294444,2.610147872969622,2282,Suburbs,682710.2568731552
H0418,2.835124562236578,,3260,Beachside,403807.48432155896
H0419,,2.9596536520414625,3112,Downtown,395504.85888439545
H0420,3.602646513348143,1.2123066408002887,3069,Suburbs,990069.0319524696
H0421,2.8667735908015497,1.4480662871412597,2546,Beachside,858839.8898891247
H0422,3.1109247868014376,2.145443453094563,2543,Countryside,898254.1652928645
H0423,,2.8619136181485434,2236,Countryside,684247.0772911101
H0424,1.86030464806713,1.4480042393908188,1200,Countryside,326073.55759901274
H0425,,,2382,Countryside,918504.9064785463
H0426,3.9493315871263364,2.5528859763894065,1888,Beachside,667251.782207024
H0427,4.793524084361596,,2026,Countryside,467116.82225461886
H0428,,2.6691071000349647,3243,Countryside,158985.68526716076
H0429,,2.6640204027752645,2263,Downtown,414997.5429847618
H0430,2.567981229369998,1.5406344722615113,1340,Suburbs,532903.0548838486
H0431,1.5871682357325243,,3154,Suburbs,297649.9603902018
H0432,1.6227907881232544,1.0114853145816955,2339,Countryside,356211.8509660611
H0433,1.730356486273577,2.5559808365459302,1068,Beachside,153137.49191347614
H0434,,1.1122270210583702,1396,Suburbs,484947.8177599578
H0435,4.902244771102553,,853,Countryside,305359.0466807187
H0436,3.20410205833732,2.86282046789406,2949,Suburbs,608996.6584831607
H0437,3.573896838263512,2.4317133447228914,1918,Downtown,669776.1669330652
H0438,4.321628192643679,1.8132517118841023,3454,Beachside,757322.7833166175
H0439,2.5296081912643507,1.2068665094605426,2349,Downtown,746689.0721403663
H0440,4.05271324029985,2.486810979382033,2995,Suburbs,113179.49688241433
H0441,,2.279050318814579,3273,Beachside,334256.0383822707
H0442,,,1380,Beachside,159833.62867323245
H0443,4.034362818767949,2.4347562732427033,2788,Beachside,104747.77837335948
H0444,2.827014307491799,1.2996145125098875,1802,Suburbs,605299.9378598997
H0445,2.458087463788567,1.5728044756234991,2662,Countryside,141483.45611800416
H0446,4.982008704100579,1.1284145259702778,2981,Suburbs,684015.9144609846
H0447,2.659554700863024,2.898352610255044,3105,Suburbs,510345.4483387579
H0448,4.327742228505617,1.2224039284136121,1018,Downtown,782005.9404511154
H0449,4.231578699592225,2.4807100043196573,721,Downtown,471542.4518162822
H0450,1.2886331197342886,1.6413505140383249,937,Suburbs,561141.6628201507
H0451,1.8563137275328625,2.746836271607598,1660,Downtown,186261.64620802354
H0452,2.472872612895365,1.0807590016641697,1876,Beachside,754884.279391876
H0453,2.106559678174869,1.6147377182561309,1460,Countryside,125129.92003310556
H0454,4.884063046771604,2.9085976973548027,3694,Suburbs,707520.4773471679
H0455,3.2170814530522347,2.411543887755106,3550,Downtown,891012.9556864898
H0456,3.2913903615496403,1.3737891211557918,2119,Beachside,301580.7529740393
H0457,,1.3584376865116923,2556,Beachside,566012.4076082881
H0458,1.5315381002298833,2.5312456320657777,3035,Beachside,786915.6273328925
H0459,4.168128571721573,1.2880429191956717,3295,Countryside,888628.4512253592
H0460,,2.1980475546001172,2163,Beachside,304158.334307245
H0461,3.561109641654831,1.1831216256522197,1588,Suburbs,990498.2065651075
H0462,3.0109357488887762,,1475,Beachside,363419.88166751136
H0463,3.6491597861681395,1.258951332823851,3196,Suburbs,885239.3523758395
H0464,2.758715272685159,2.391883996143641,2663,Downtown,731831.1946673783
H0465,2.5926254846849734,1.2220774560320404,2007,Downtown,188580.24469463364
H0466,3.684289175913654,1.1283433522969544,1251,Downtown,802504.4139727483
H0467,4.470648912333022,,2576,Suburbs,572596.2336303964
H0468,3.702730733374382,2.53667091215402,2575,Suburbs,798385.7826113983
H0469,,2.3870855751190807,1648,Downtown,704448.2241983362
H0470,2.5687133843200267,1.8136132650787402,815,Beachside,341022.3781616045
H0471,4.16080266872966,1.1598342489631563,712,Countryside,714756.2106307154
H0472,2.672476447755244,1.7275914981486713,2287,Beachside,821564.631786537
H0473,3.3957099366837205,2.0957592557828493,1021,Beachside,401315.67334538733
H0474,2.17632354997276,1.8856153872948582,879,Countryside,828107.4932800711
H0475,4.858829614852573,2.3665224646029768,2524,Downtown,357853.046380603
H0476,,2.6128965088274576,3513,Downtown,428557.5228615966
H0477,4.333800398604012,,2611,Suburbs,332321.3668232404
H0478,3.2046331277498874,1.9159676626666156,1882,Beachside,986523.5927852532
H0479,2.7523665538572555,1.6478869195483135,840,Beachside,441532.5007545019
H0480,2.607585799312873,2.1678990204366038,2744,Beachside,202635.4157461882
H0481,4.260477771089041,1.7092427875875384,1979,Downtown,832126.8084628072
H0482,2.5386529198085688,2.5273744900938575,1521,Countryside,950468.2338860302
H0483,4.203290131952824,2.2862301167399472,1035,Downtown,734268.0485461677
H0484,3.237135263059797,1.2397859526799715,2821,Suburbs,528048.5115287922
H0485,,2.3194397298595506,935,Suburbs,706167.6866311473
H0486,3.4091978140420913,2.9492646553941446,1651,Suburbs,888484.4352801286
H0487,4.349890633313496,1.7143059887838694,1822,Suburbs,180769.0614525886
H0488,2.582927187212588,1.93278860538158,2909,Suburbs,735469.029048884
H0489,4.603757851301348,2.6312732301275794,938,Downtown,764883.1239871657
H0490,4.314034837086211,1.0399703580138873,2181,Downtown,681069.4137684583
H0491,4.332296004365034,1.4214858273637279,913,Beachside,711253.2618703531
H0492,4.145432885113392,1.9324474392925595,1511,Downtown,756978.4484705105
H0493,3.3379646542590753,1.9278569750568648,1822,Beachside,376206.77569549024
H0494,2.1783060925003626,,2920,Suburbs,898964.6975738646
H0495,2.175683461696893,1.9566101089733223,2511,Countryside,534353.5478522072
H0496,2.7830525352618074,1.5781565026389075,3734,Countryside,556239.3730122747
H0497,4.96682920469104,2.46240371178858,3745,Countryside,700021.9806972202
H0498,1.1703584424589217,2.713970694757787,3947,Suburbs,370680.0087006617
H0499,1.715584244519933,2.6677290943147627,1836,Downtown,386170.6222400569
H0500,1.3030746884197204,,3035,Downtown,450710.5247804166
H0501,4.8893488479445395,1.3809331592024696,3947,Suburbs,265802.0354640501
H0502,,1.036155506696007,3728,Beachside,840039.2515361913
H0503,3.5671743824266446,2.691058403464938,1594,Downtown,377173.1671283487
H0504,4.0360665386329995,1.0532662538917155,3742,Countryside,657769.0934837554
H0505,2.3300971851188867,,877,Downtown,237420.28641140708
H0506,1.4402608662682064,,831,Suburbs,181709.6017189457
H0507,1.721013511438593,2.2164786514010473,2670,Suburbs,314903.00098817603
H0508,,1.710574796025991,3673,Suburbs,400951.027553068
H0509,2.8976947891096803,2.1173760458095745,1422,Suburbs,101218.47978471764
H0510,3.074675392798504,,1414,Suburbs,626155.0532373791
H0511,2.690038889006931,1.4733359859865383,3441,Countryside,251509.15240929814
H0512,3.4533586444734556,1.4797076306395835,735,Suburbs,307064.35728569527
H0513,2.4516579211418157,2.206353901951639,2317,Countryside,780863.5933220176
H0514,2.990414588903577,1.8104085962214846,3566,Beachside,414953.04430336173
H0515,3.8144073678887516,2.29106398336352,2999,Downtown,723317.5841291599
H0516,2.747518611263721,1.9329785941665703,3853,Suburbs,118938.86271469315
H0517,2.8435403033184063,1.430536722863726,2687,Beachside,252560.96746689634
H0518,3.4436562613119865,1.8036272358093217,2846,Countryside,278991.88275090023
H0519,4.490947501051111,1.4281238501288878,2622,Suburbs,166168.42930890745
H0520,2.961966889868583,1.67689942267827,2717,Downtown,701281.1679717352
H0521,,2.919060459311988,1347,Beachside,696187.91410135
H0522,4.439814407328578,1.595808042852194,2506,Beachside,952797.291840221
H0523,,,1536,Beachside,521267.2708389008
H0524,2.09701025070734,1.9922148321806064,3375,Suburbs,569419.4089547743
H0525,4.5028347676578,1.9266924319803762,612,Countryside,430371.68598829844
H0526,3.611958943010848,1.5274217441154645,1741,Downtown,788366.6161809436
H0527,1.5483654880631552,1.1573966960229332,1617,Downtown,674918.8507274836
H0528,2.1613142612176417,2.6706037149705395,634,Countryside,150659.78877247998
H0529,4.6160676290850535,1.6543840409867148,1815,Beachside,246429.94015296514
H0530,1.9070961529440433,2.924154318811304,2947,Countryside,945587.6821265054
H0531,1.6380023092864189,2.4203473630217154,2741,Beachside,492945.14402899105
H0532,3.1951104797118526,1.994104705405532,3391,Countryside,207441.49434079404
H0533,2.4825818963390294,1.1265420092001681,3058,Beachside,280169.5592165871
H0534,,2.94325203203364,2705,Downtown,447961.2907363143
H0535,2.5037966217177448,2.0007574024547017,781,Beachside,424280.9961150312
H0536,2.139550643805122,2.065224545479282,3250,Suburbs,507505.2536655968
H0537,3.1383091885003607,,1918,Countryside,498270.89749626495
H0538,4.90420414939585,2.8541177774794257,3543,Suburbs,468673.67363866133
H0539,2.4859631093981376,1.350630420311777,1782,Downtown,716381.2869805014
H0540,2.8340995525341004,2.1877519946034276,2561,Countryside,700221.7671165129
H0541,4.580545180230375,1.229303331186557,668,Suburbs,918407.0642081766
H0542,3.2299624813057806,2.4382841293063815,3064,Countryside,553063.5740913402
H0543,1.3126218854733325,1.5841589563585834,3874,Downtown,364011.73529274814
H0544,2.8793463889964057,1.9584849178511679,639,Downtown,132647.2851493124
H0545,,2.4924505064037765,751,Suburbs,460728.57028256805
H0546,3.3809860924284822,1.567892571310086,3309,Countryside,390250.3390882927
H0547,3.1683535879686646,2.0230029240453806,3309,Countryside,719241.5435993077
H0548,3.1276823647629635,,2958,Suburbs,258204.85264701996
H0549,2.6845318133353815,2.3318351126811345,3174,Countryside,904493.2889421247
H0550,1.8990794928516515,2.549742009436808,2517,Downtown,946987.8665999124
H0551,2.899867466880252,2.687093108550152,2613,Countryside,878433.707620554
H0552,1.3343146473351397,1.5215737598738848,3475,Beachside,563889.4237187433
H0553,2.8619144551903766,2.9737556304160258,1521,Suburbs,610364.085752439
H0554,1.4439352439195403,2.518772226244688,3197,Beachside,662781.2924396131
H0555,1.9897641871597558,1.1910608151684974,2805,Beachside,546272.2883820768
H0556,,2.568144056637835,3626,Suburbs,611670.8921787754
H0557,4.917732519994482,1.1796984088901685,2748,Beachside,302899.8765133696
H0558,2.89806330181243,2.857013563612184,3736,Beachside,490627.147205898
H0559,,1.664406891943844,2379,Countryside,354385.1620490043
H0560,3.9696359969463404,1.2964870435094598,869,Suburbs,219852.64816942724
H0561,2.2164187614375868,2.4661334273801745,1332,Suburbs,358632.89571176417
H0562,3.7595519930737478,1.1150256870560504,2764,Suburbs,999315.4543763238
H0563,1.0191464241328791,1.2249263201098823,1226,Beachside,168231.46947008296
H0564,2.5045949807457233,1.3294012134988595,1414,Suburbs,182780.8655475271
H0565,3.8905416567184457,2.3090744459428043,1024,Downtown,132048.27184271516
H0566,1.4386976574629076,2.1171699979744636,1846,Suburbs,407496.20609598816
H0567,4.218600933422847,1.2997813618054885,755,Suburbs,791030.3064746606
H0568,2.0124954233304306,1.183318217845419,1887,Downtown,623671.5206180403
H0569,3.2509046495530187,1.0346272534363825,2365,Countryside,441780.0054872582
H0570,3.633821539885745,2.595738303629076,901,Suburbs,244166.01844890442
H0571,2.9471831115263765,2.4984927847314915,3167,Countryside,373500.7820680643
H0572,4.15435425211321,2.741604923053968,2866,Beachside,488781.9080124068
H0573,2.8035396467231357,2.195852104118674,1144,Beachside,486510.36043432844
H0574,2.5744144485958635,1.903422051043309,2706,Beachside,851337.6727813112
H0575,3.064537141041753,1.6932146118393017,1614,Downtown,337603.49358891475
H0576,3.9742266988615933,1.6068098810160645,1325,Suburbs,931311.4351189481
H0577,3.669968853570081,1.8323239248894543,3245,Beachside,417602.624150161
H0578,3.212267006480909,2.7313509586330236,3440,Beachside,539652.2433817543
H0579,1.4461066396744742,2.042926674712108,3530,Suburbs,692509.423027519
H0580,2.890877805482286,1.377450221329109,1477,Suburbs,173734.07141900063
H0581,1.8885720016845213,2.8146498221348164,2286,Beachside,442458.4829299053
H0582,4.734723335049731,1.1446189271829945,908,Countryside,657955.1375242562
H0583,4.735009507015996,1.255366527249599,668,Suburbs,306039.1454441141
H0584,4.510279562872441,1.6902067193149424,3359,Countryside,453939.2836012989
H0585,2.1283551628463035,2.520949043430231,2545,Downtown,398488.8900362182
H0586,3.3431874283891765,2.1719969361206872,2702,Beachside,491390.64651602454
H0587,4.926879480919894,,1036,Countryside,685349.8225092794
H0588,1.590033459561063,2.9871484648150632,3955,Suburbs,524905.0056820535
H0589,1.884960916336885,,3846,Suburbs,100368.70924284197
H0590,1.0312132974142219,2.2890971680058487,3622,Suburbs,600842.0572861859
H0591,4.011675663345525,1.9388596924324075,2106,Suburbs,688354.5055431899
H0592,4.171064038180013,,1578,Downtown,862659.0281277304
H0593,,1.9421788818612642,2417,Beachside,286039.07139288087
H0594,3.61751499915234,,2126,Countryside,443170.84317753534
H0595,,1.8322550806561084,758,Beachside,991404.7357233107
H0596,1.6081558608068698,2.1652252122251965,3271,Downtown,254979.18738847374
H0597,2.2751663030935596,2.461294734284332,3768,Countryside,537501.0578850871
H0598,2.245707117522193,1.3394580577966222,2514,Downtown,719137.7772443664
H0599,3.14289320193035,,2143,Suburbs,668493.1357981646
H0600,3.2386876263857682,2.1843297198123417,2432,Beachside,400218.61703188706
H0601,,1.385227423718909,3115,Beachside,540082.4741280298
H0602,2.490982974188581,1.9000510193946003,806,Downtown,175887.332751658
H0603,4.470843612865567,1.9995314892465146,1398,Countryside,665522.1873988999
H0604,1.8062196104462864,2.879801666322134,1064,Suburbs,299642.7281136614
H0605,1.3110795116128249,2.2138020091026394,1787,Beachside,636048.8878530501
H0606,3.095953989898868,,2635,Downtown,706610.9426164086
H0607,4.939224516731093,2.052396331799126,1268,Suburbs,925901.0352525159
H0608,3.820237099800115,2.3809851658640806,1408,Suburbs,479255.47524306446
H0609,4.563529266335358,1.0512370359077352,3166,Downtown,145608.79839577893
H0610,1.7546863237811174,1.1239109807783436,2389,Beachside,953689.9146618223
H0611,4.198312201292543,1.1374520518876885,2083,Suburbs,499064.41476975166
H0612,4.67159655637123,2.0144199335225137,819,Beachside,318316.7258124989
H0613,1.13902705328494,2.0132321988505506,2365,Suburbs,980271.5336869716
H0614,2.0562013738674088,2.946804744350967,1477,Downtown,220727.87369022472
H0615,3.0510902221450227,1.7473658101428302,900,Beachside,824421.4569527159
H0616,1.6246360577676344,1.2322444543273325,757,Beachside,425722.55308228236
H0617,3.730732543962286,1.4598599271889643,3077,Countryside,746295.3053340804
H0618,2.26330739008522,1.8513994055116227,1872,Suburbs,985970.4974518506
H0619,3.2671782550674586,,3147,Beachside,290665.60540413996
H0620,,1.1830305503208576,3930,Downtown,776551.7634191603
H0621,3.949904023678831,2.8636333549152138,2700,Downtown,351366.52552951296
H0622,3.429971840731191,1.7280357922036629,1108,Suburbs,537867.017295014
H0623,1.1084915965592486,2.941927695273586,2122,Beachside,496412.87739650253
H0624,3.4084240304178692,1.0946673423898645,3917,Suburbs,695797.6805368474
H0625,1.3093494132642087,,1185,Beachside,146000.43253130067
H0626,2.768226373550879,1.2264204306635187,742,Suburbs,976292.2038988814
H0627,,1.8546988273016372,804,Downtown,527090.6075678905
H0628,4.896500887349118,1.4126292102649949,1711,Beachside,797518.4272039081
H0629,1.006215603463109,1.8816102551308784,3453,Downtown,394807.2068159927
H0630,2.002707524207875,,1726,Beachside,114465.75028741814
H0631,3.777913592472294,1.1528311794783535,1173,Beachside,443552.56452506385
H0632,2.4491851568622898,2.829512821275799,3038,Suburbs,980541.3131718624
H0633,4.914758061263189,1.78489043825431,1084,Countryside,920472.192804841
H0634,3.301488712819902,2.466360117650167,2372,Downtown,620457.2066318907
H0635,1.1897002773769114,1.963484839509612,3443,Downtown,249957.14288661632
H0636,,1.8600617684089888,3928,Countryside,298881.18437087454
H0637,1.0233017044010682,2.103687162260739,3618,Downtown,242287.22166517162
H0638,3.279366022518638,1.6089791675147482,3139,Downtown,533956.1965518282
H0639,3.2101945534115197,,1840,Beachside,523508.7524787663
H0640,,2.407076092350346,2078,Downtown,577061.1905210636
H0641,1.9782565178972087,,1767,Downtown,803116.9287214
H0642,1.6861649715245615,,3061,Downtown,890304.9981010469
H0643,4.628554692392797,2.7459535848866965,1698,Beachside,682108.5118269983
H0644,2.676121150820999,1.5137650440248345,1188,Beachside,863575.080691377
H0645,3.7289482708846053,2.2255583083054256,3141,Suburbs,906463.0271481511
H0646,3.2022190514018436,1.7287324707475449,2404,Suburbs,690113.7334698928
H0647,1.5503719922687926,2.9045186763198565,1304,Downtown,922598.3669103417
H0648,,2.7839169885073396,2420,Suburbs,403655.30204178527
H0649,4.829979730497778,2.8195024202205214,1349,Countryside,142316.5089042263
H0650,,1.700221502633172,2508,Beachside,554898.0903747571
H0651,1.9995876641035522,1.481760863848816,624,Countryside,352519.68567352195
H0652,3.7379692779467364,2.6135888784118704,1487,Downtown,889773.2864831052
H0653,2.8043538737442706,2.359222496946561,3730,Suburbs,171362.43281571806
H0654,2.388544718519116,1.958799556866086,2706,Countryside,696629.245353883
H0655,4.461211617247512,1.4789614455810682,805,Downtown,227598.9268125606
H0656,4.873859534350372,,2557,Countryside,350091.43670001405
H0657,3.4341968976315074,,3608,Countryside,911720.0988583096
H0658,1.5512674887112756,1.5545390127360563,2258,Countryside,849730.8134111781
H0659,1.291495110083832,2.1995216668911377,1961,Downtown,110353.983450016
H0660,3.5964461675240984,1.178403337004069,3862,Beachside,244040.4350215076
H0661,2.135333505541076,1.3981593242669696,2161,Beachside,291401.2372567577
H0662,,1.167181027121503,2415,Countryside,243775.25343051733
H0663,4.649501853704604,2.9527567663269827,2146,Suburbs,963792.5775924348
H0664,1.6993897381700163,1.6286568765678562,1515,Downtown,260928.34588401704
H0665,2.621683341026318,2.535417159829536,2462,Suburbs,581155.8960474787
H0666,3.781112893158284,2.6727874257448327,3212,Beachside,601373.0253489539
H0667,,1.0227999003116754,2926,Downtown,714442.5860442164
H0668,3.563102923028494,1.3177741284552469,2111,Suburbs,136694.3297454862
H0669,2.7462422607314783,1.1845111131752186,3502,Suburbs,587702.6731783585
H0670,2.8251166485406816,2.430183574222597,3071,Suburbs,601610.5760012707
H0671,3.3955158319529066,1.8022990000707106,1222,Countryside,706563.6471294358
H0672,,2.965528415860602,2727,Beachside,980097.4035719034
H0673,2.8167197624715863,2.8840616725715957,883,Countryside,757519.8232295171
H0674,4.29324404149218,,2697,Beachside,633980.0786366668
H0675,,2.681878436607109,1155,Downtown,948491.0108137551
H0676,,2.7790977749097348,2960,Beachside,475631.3719980203
H0677,2.4083576292523863,2.497262765834102,2168,Beachside,323384.57994122396
H0678,4.003459094079792,1.5509599115242265,3921,Countryside,504238.4446314754
H0679,4.055943792839688,1.111611486795888,787,Countryside,784628.3376438753
H0680,,1.4604746993542759,3792,Suburbs,147826.03327675763
H0681,4.330718685776237,1.95640355033987,1381,Downtown,604227.4474606168
H0682,2.8217396224477125,,1639,Countryside,221091.90366236097
H0683,1.7055939480515692,2.3115977865697706,2807,Countryside,244114.72790395218
H0684,3.0903369880599203,2.4253853812641397,1828,Suburbs,929547.4374526265
H0685,4.720066803017092,,2192,Beachside,420635.3323615755
H0686,1.0840558673615677,1.0512075236034069,2238,Suburbs,952573.2503983441
H0687,1.8344831598482787,,2199,Suburbs,997931.6700586196
H0688,1.7470746235296275,2.285797892024389,2074,Countryside,287236.6174904582
H0689,3.8312818959992625,1.8787953424230945,1232,Countryside,728794.6984104037
H0690,3.960029885604576,1.656377247479716,2015,Countryside,621970.7151423213
H0691,,1.1957939538610152,1242,Beachside,583831.8444872291
H0692,3.0167852934423074,1.8207930366086302,2835,Countryside,184971.55765780873
H0693,4.7721450345745104,2.821717892092264,2773,Beachside,437478.743056057
H0694,3.6565258825730726,2.2217806925449324,2473,Countryside,258638.18046757908
H0695,4.631404771543772,1.7203661963864751,3419,Downtown,514173.6079098547
H0696,4.517520480235638,2.8103342977443937,1850,Suburbs,727411.3799175691
H0697,2.9698631083968836,2.4025156473953047,864,Beachside,176728.3772167497
H0698,3.214962474464022,1.7037881064108995,858,Suburbs,823472.8690367674
H0699,3.0255426488474075,1.5759622621944205,2759,Suburbs,461961.36326511274
H0700,4.3376284793571,1.0882518438917461,823,Downtown,752488.6450876615
H0701,4.022343801290939,2.6158684369019833,1775,Downtown,718659.6305773461
H0702,2.9073778987745147,1.7210087477667817,2882,Suburbs,264003.40684307483
H0703,1.4925287827277676,1.6931961331982832,3101,Countryside,930520.637051434
H0704,1.2465032872513757,2.253731355016096,3265,Beachside,429562.7671687342
H0705,2.3560043827338157,2.172462470124778,731,Suburbs,786651.2514302391
H0706,1.9058635955995902,2.3387263787258217,2486,Downtown,514040.5596731642
H0707,3.1458162390293527,1.0887863960553834,3596,Suburbs,131438.03171521646
H0708,,,1151,Suburbs,260659.45894952153
H0709,,,3919,Countryside,105694.0566741657
H0710,4.98847590516281,2.178938033431783,2310,Downtown,996404.2338469061
H0711,1.7810465808351439,2.406847448968473,2205,Downtown,549760.4868910414
H0712,2.925881283436241,2.5269880118627768,1771,Suburbs,288759.03722981043
H0713,4.4399176526636435,,690,Suburbs,224800.52865069246
H0714,2.217457204206386,,3399,Countryside,943932.6023705897
H0715,2.5800529308457456,,2770,Downtown,263977.7933002728
H0716,4.854118202753199,1.4397256807796843,2317,Downtown,978813.9907239241
H0717,4.246544712223138,2.7875870739832918,1255,Downtown,599983.8209545544
H0718,1.7982547510030993,2.6922163606260945,736,Suburbs,317676.7813830222
H0719,3.4928845922065213,1.8272197120542082,1227,Suburbs,134084.79481340136
H0720,3.0743659713201876,,1713,Suburbs,848494.4321992587
H0721,1.454860840011532,,2494,Suburbs,572406.2919830598
H0722,4.2141244730480185,1.4876583231262552,1943,Downtown,556275.051481361
H0723,4.15237551715637,2.2730614013717383,1254,Suburbs,241941.78365620715
H0724,4.381274225397803,1.6731517934560074,2959,Beachside,928734.8527684715
H0725,3.924911734633053,1.4418808783954424,1437,Countryside,251817.61459722958
H0726,4.846694746223125,1.2198079401323765,1074,Beachside,672718.0766782415
H0727,2.1030290098788025,2.9249094161506584,2917,Downtown,704522.8695238716
H0728,,1.4790406557342586,832,Suburbs,745456.420750635
H0729,3.2666038649173523,1.664698563938425,2213,Beachside,844753.8834618616
H0730,2.653833821245847,1.1272262555828465,1485,Suburbs,630266.4067319705
H0731,2.6884297936728268,1.7473025809376226,729,Suburbs,769522.1141651688
H0732,1.2008440442438975,2.2977221246532906,2617,Beachside,997797.0819404202
H0733,1.795017080002379,2.53219315794669,2397,Downtown,356386.83964321844
H0734,4.7964416008407404,2.3537810518849365,3592,Downtown,508209.5643539551
H0735,4.050749983127689,1.4793094305216992,987,Beachside,938676.8592227976
H0736,4.2659147185243524,1.913402726493363,1193,Downtown,843424.8641376242
H0737,4.39104323078919,2.9999602300015105,3322,Downtown,198699.63959692683
H0738,3.4777201867332987,2.463627460657013,3722,Beachside,565662.374159525
H0739,3.8416761858066546,2.65515710389481,3929,Beachside,773117.9378040357
H0740,3.719646762689745,2.2247998600017787,3567,Countryside,574074.9814357881
H0741,1.7285757136173094,2.3817892988774254,2117,Beachside,681182.923558481
H0742,2.8076801932586815,2.788807840394731,654,Countryside,932062.5715973662
H0743,2.3118768713357594,1.865531641331695,3745,Suburbs,861002.7319028286
H0744,4.2914059107686375,2.2519870154076767,3052,Downtown,691942.875974835
H0745,3.9193238932134933,2.6579171156791603,2845,Countryside,947253.1468113657
H0746,4.790378989166339,,2688,Countryside,778161.7267696994
H0747,2.641716638997691,2.978478388453137,1618,Countryside,894804.0703084954
H0748,4.354331901334912,2.215587444617888,2005,Suburbs,218458.55260158947
H0749,3.5263380118386003,2.342378418657489,1845,Downtown,238651.51559701844
H0750,1.2135797029701463,2.2263244451785984,3428,Countryside,809227.442264667
H0751,3.239694505247141,2.682090891619498,2970,Beachside,561455.8860961566
H0752,,1.6339786539860792,2206,Beachside,525781.3446104454
H0753,4.7908313944829555,1.3294029089021615,2427,Downtown,442269.8057233456
H0754,1.8857528842541402,1.5463670259789843,3413,Suburbs,662780.1835313973
H0755,1.8968812568802194,1.505785182290751,3605,Countryside,895291.1148945007
H0756,3.1121000917052886,2.693761829089459,1793,Countryside,328524.45090096607
H0757,,1.9892134813280968,1889,Countryside,620070.3585766586
H0758,4.102911025353463,1.6664203975573282,936,Beachside,392183.54979535483
H0759,,2.9457500906724343,3469,Beachside,507945.01161835116
H0760,1.2928268779413705,2.7012066508618364,3522,Countryside,297542.1495177244
H0761,1.0006651862395404,2.6150495002652656,2184,Countryside,249944.3355280097
H0762,4.38300632763577,2.8313213332603393,2559,Countryside,100269.68546805278
H0763,2.005869492201636,1.8889693937550878,3933,Beachside,715938.653559704
H0764,3.6323487373253323,1.0781987895488319,3837,Beachside,661567.5750564374
H0765,,,727,Downtown,987120.6566219213
H0766,1.8180819071459773,1.1271694575157598,1366,Suburbs,396232.3594306986
H0767,4.3367293571251615,1.464303044700902,1456,Countryside,995469.07998141
H0768,1.1885310871496269,2.9987965969406813,1950,Countryside,452310.60537688545
H0769,,,3279,Countryside,827691.7413492649
H0770,4.8301841758583315,1.3646650029234544,2862,Downtown,490087.66303878085
H0771,3.724001875193036,2.250089777453312,692,Countryside,694772.9540733634
H0772,4.410496154414252,2.1312490351299385,2029,Countryside,866206.6810063459
H0773,2.9572825998641354,2.978599512679901,1082,Downtown,761122.2577990782
H0774,4.346430168495816,1.8191292050166665,2094,Downtown,246409.1599845801
H0775,2.648359227126632,2.396164301782805,755,Suburbs,648162.66253812
H0776,2.9342046322477437,2.525541137801836,3236,Beachside,184887.15192810603
H0777,1.1495006856682468,,621,Countryside,932108.3365944701
H0778,2.532618262405116,2.9465026445228424,3157,Countryside,144018.51962433168
H0779,,2.355857514185865,3793,Suburbs,257090.99970385653
H0780,,2.052883832392102,3539,Beachside,210352.1033839683
H0781,3.4789109520671797,2.0987480352224983,1781,Countryside,650575.272285422
H0782,3.2634546055404594,,3662,Countryside,461316.01969224226
H0783,3.789664750853506,2.2523033336172436,937,Downtown,753271.5877436055
H0784,4.594644166655133,1.1680699630211198,2659,Countryside,489817.17158972484
H0785,4.368072815387761,1.2990938549947395,2014,Suburbs,285535.7009758153
H0786,3.2081090905930294,1.3163474420201364,3023,Countryside,850274.3955958338
H0787,1.2325259522125687,,3492,Suburbs,809463.6612101877
H0788,3.5466876451886393,2.686725169862986,1695,Suburbs,920890.0775062187
H0789,3.569737026870445,2.622906749346323,995,Countryside,913658.3780214733
H0790,3.055416134466394,,3237,Beachside,963422.2894420048
H0791,3.5119986075424876,1.4410782997924205,1123,Beachside,207317.5056642089
H0792,2.148571423397852,2.3279946147634076,2827,Beachside,188232.07130763828
H0793,1.0495520379106598,1.9703525724454676,1052,Downtown,107728.97123556494
H0794,1.9214476583036064,1.5557501140109993,2510,Suburbs,853243.8435871035
H0795,1.2710014211174436,1.4977018865151939,1165,Beachside,149856.0193914776
H0796,2.1046895306009406,1.290370797204074,2919,Downtown,174417.4685469928
H0797,2.922534700662188,1.190759757532475,1285,Downtown,769084.8901649927
H0798,1.378308176372792,1.9435649031658886,2248,Suburbs,852607.3527200137
H0799,3.8384509516364447,2.5506815454326937,3460,Countryside,276481.2371317678
H0800,3.0323762750969396,1.081002756497979,1992,Beachside,762803.9346319275
H0801,3.6518439913753773,1.6862040303671908,2633,Countryside,773113.6265649366
H0802,4.5260027303300845,2.249463482077875,1737,Countryside,424436.53677342593
H0803,3.56551447623815,1.0773595516317125,1838,Downtown,964752.697916634
H0804,4.343718691918895,2.5392706617763006,1518,Beachside,549189.3456015429
H0805,1.304721545794734,1.3140731423052476,2327,Downtown,711072.8899496772
H0806,,1.2973138721972315,3757,Downtown,687189.029415956
H0807,,1.4741741050479122,1620,Suburbs,923051.5038494491
H0808,2.4999632618362897,1.5610896272951338,2118,Beachside,907717.994302262
H0809,,1.957971321698029,889,Beachside,571133.1893481605
H0810,4.867003697269158,2.1824585614456256,3218,Suburbs,570897.1249910091
H0811,1.340983788614531,1.616674661573827,3704,Countryside,484829.24613292
H0812,4.173710924043928,1.539089746750071,3110,Beachside,179814.74161435274
H0813,3.0448742129035464,1.1069619554451777,2036,Downtown,208673.52229128653
H0814,1.378572010419362,2.151576243504772,2406,Beachside,520910.8544222951
H0815,,2.5834153147185375,3920,Suburbs,113753.31957680959
H0816,4.060338169894306,2.6281400424884223,1057,Beachside,665306.1561813417
H0817,3.932611321639978,2.639997588145146,706,Downtown,495302.65254131693
H0818,2.996563046763395,2.373021616127425,1721,Countryside,329439.4563446382
H0819,3.1528778418304975,2.347740691133704,3878,Beachside,947899.19467521
H0820,,2.055075247990153,3946,Downtown,598573.0843768888
H0821,,1.0325821587994501,3342,Downtown,286757.5237071817
H0822,3.7404464605192818,1.5803369210184472,3852,Suburbs,373497.9840905066
H0823,1.4461201504438361,2.4638253080191,2518,Suburbs,565392.460387245
H0824,4.505372724130931,1.5650997034212415,2212,Suburbs,414428.459406232
H0825,2.574960054287273,1.7025004778640858,2188,Beachside,288938.5672464411
H0826,3.509566365442057,2.4215933903049214,2075,Downtown,532270.5020466014
H0827,1.950831370820743,1.7319552075457967,669,Countryside,316931.6307607582
H0828,3.4809809186463174,2.3886647268933308,1057,Downtown,985198.6409929383
H0829,4.970867383664698,1.4310947360957968,737,Countryside,199282.44504728937
H0830,3.6684491707246747,2.8815747626961477,2518,Suburbs,558669.953539582
H0831,2.9188044771039783,2.775148136842586,2847,Suburbs,244001.13883807376
H0832,2.9060189346500165,1.554656555056818,1128,Beachside,774009.3599601957
H0833,4.886394136349858,,3274,Suburbs,779554.8487619176
H0834,4.729547816405413,1.1542276683953332,3907,Countryside,741690.6120829931
H0835,1.1006920669497258,1.6819483809111104,3477,Beachside,798607.9631208639
H0836,4.45463740829098,1.422200088157533,708,Beachside,998954.4193368471
H0837,4.890927900357557,1.3097024005134883,3322,Suburbs,435804.6735958415
H0838,3.7435693142453403,1.3880810969221813,2064,Beachside,850782.9026191375
H0839,1.557927719452378,2.7901223078502015,1822,Beachside,259596.89586414924
H0840,1.193165011168769,2.3048414293981443,2777,Beachside,401041.6597059802
H0841,4.26339416559352,1.5638755791328474,1053,Downtown,363781.0781555057
H0842,3.6403515957634007,2.6312635504640154,3527,Countryside,294499.837399218
H0843,4.655057870225219,2.270370938202791,2462,Downtown,718386.3114375614
H0844,1.8238355079592288,1.5258431073449477,1060,Downtown,741141.8474304202
H0845,4.278236012290182,2.0932370322802862,2747,Downtown,116367.40773530363
H0846,3.6456723333092014,1.8700450018623729,3206,Beachside,789758.6798520193
H0847,4.970298673005107,2.861997390510661,3670,Downtown,743891.7906437858
H0848,4.670165071295974,2.474718048878031,1364,Suburbs,322873.6565564368
H0849,1.916055708995633,,1309,Beachside,630936.3835435393
H0850,1.3237022544841914,2.547273498327008,1293,Suburbs,473391.15200932143
H0851,3.07020146766327,,3299,Downtown,546055.6272351278
H0852,1.4798461641124252,2.878249973395632,3962,Beachside,764859.3995183926
H0853,4.558506306090877,1.6352465637061289,3642,Beachside,687228.8720721076
H0854,4.343760060192161,2.0265326137758266,3027,Downtown,534587.7612290117
H0855,1.7803376537337505,2.5797661588418137,2108,Beachside,505874.72474193445
H0856,4.607097570841724,2.7207600455157452,3080,Suburbs,955647.7866044507
H0857,2.934954101402702,1.6070888893987825,2861,Suburbs,982388.4496764007
H0858,3.3943838095592693,1.192779829059294,1483,Beachside,535645.0600290245
H0859,,1.9608680957443738,3498,Countryside,271418.7966456155
H0860,3.3307675515109687,2.630795121022237,3972,Suburbs,717107.1403286249
H0861,2.059659736674105,2.3310678168667094,1050,Beachside,598048.2079262026
H0862,3.34241283102291,,2616,Countryside,530677.7047240091
H0863,4.925279464821246,1.9184145537425068,2163,Suburbs,381574.14999651525
H0864,4.368682097603353,2.3018206506822136,2742,Suburbs,479921.95824154187
H0865,1.2678543459821996,2.166000362339254,2760,Countryside,112720.81823979791
H0866,1.3727629609933163,1.047009411637098,709,Downtown,990934.3996700641
H0867,2.415718604062667,,3509,Countryside,349526.5903717761
H0868,1.3793079972575835,1.0807753141511023,842,Suburbs,860501.7210341292
H0869,2.33373871541087,2.9896244514653425,3993,Countryside,621220.3453527044
H0870,3.9127657754755893,1.7598109729950826,3151,Beachside,921025.4865631349
H0871,3.45766042009244,2.7946277045156185,1349,Suburbs,302884.32999961294
H0872,2.673342169523722,1.1593543239017463,1760,Countryside,551375.1263819751
H0873,3.4713337775172945,1.9898237929177178,1798,Downtown,991812.0276993823
H0874,,1.7435255016209357,2966,Downtown,301148.09951001045
H0875,2.0825858077513626,2.529546708915796,3447,Suburbs,923514.1346361263
H0876,4.241903540475189,1.6973982224408837,3347,Downtown,354217.4383407089
H0877,3.9156433965036563,2.775033537054311,2785,Suburbs,555851.2939710252
H0878,3.9645542414715975,2.688063694394316,1480,Beachside,165399.86522212403
H0879,3.43472961148162,2.416632191108726,3236,Countryside,840673.1237211132
H0880,1.2638174151589614,1.063335825141731,1821,Countryside,398045.4695559817
H0881,4.269224232823081,1.6011940420488602,933,Downtown,300305.42312735773
H0882,3.0457125184216336,2.6643017646400793,995,Downtown,315462.1663709013
H0883,4.726564715270676,2.805802172769506,1433,Countryside,245501.94340941685
H0884,4.521387030070269,,2793,Suburbs,218785.12035964115
H0885,4.897153210841186,,2969,Suburbs,426431.5721358732
H0886,2.2658836675563627,1.5272447829794804,3724,Suburbs,883175.4029342436
H0887,2.1231838919218746,1.4061423638302017,3160,Downtown,720792.8256520364
H0888,1.2348409709364128,2.403429904143659,3278,Beachside,782045.2837419359
H0889,4.312367273109253,1.7709811239150814,2232,Suburbs,643608.4609929807
H0890,3.3854459399395433,1.4282767679669606,1562,Downtown,972406.9278009034
H0891,1.6142082447820254,,3679,Downtown,605142.9586850598
H0892,1.4392052136080902,2.0037139072551886,2875,Countryside,380727.598733329
H0893,3.654810244737696,1.1623101003776792,1828,Downtown,502642.71561342233
H0894,3.1582259160491812,1.7447689763349898,3712,Beachside,987069.453002983
H0895,1.0366275754942467,1.0807493385762472,2424,Downtown,729239.2536665807
H0896,4.52630763733692,1.3215262379311048,2918,Suburbs,865349.6009027933
H0897,1.2035568295881296,2.6535962241722846,1220,Beachside,404607.1947359253
H0898,2.2019160774481534,1.3696586599149376,3875,Countryside,250050.38922134004
H0899,,1.1380078150058786,1469,Countryside,675530.0212790519
H0900,1.3535958313429992,2.3429387767468177,767,Downtown,297130.2830984496
H0901,1.6002217847210445,2.484067076420578,3231,Downtown,180584.9769480838
H0902,4.505640547478969,1.601579626766829,660,Countryside,885626.773093424
H0903,3.1034857508328737,2.936414049502922,2238,Downtown,514101.87933673477
H0904,1.6894131213384864,2.3890892922210627,3525,Downtown,698885.6196581952
H0905,3.7149971861823508,1.421882299399909,1551,Suburbs,838199.947248156
H0906,3.07551257301328,1.255905242811736,3354,Countryside,126300.62334685307
H0907,,1.6353111929241997,3319,Downtown,171827.8506009609
H0908,1.9625673168731441,1.9309582658256663,1445,Countryside,962717.5921169651
H0909,4.965538162304992,,2203,Beachside,693368.2350952356
H0910,3.941526646748072,2.4416103017916186,885,Beachside,627594.6672318876
H0911,1.8109951832301197,1.642181017084175,804,Beachside,140786.19227687194
H0912,1.5504384377110716,2.215935692864811,3358,Beachside,928888.6487246898
H0913,1.7938205488249634,,1743,Downtown,939227.4802329552
H0914,1.911626881358679,1.3752734539356564,3402,Beachside,490110.436049672
H0915,3.493504314140005,1.8494843541248602,2779,Countryside,836602.7967809584
H0916,3.5344398332896363,1.6416641310113498,2934,Countryside,490146.3774021398
H0917,1.5424845255477324,,1436,Beachside,517600.0030237988
H0918,4.040489168015885,1.3789365074273443,1434,Downtown,381462.992754729
H0919,1.719625995215138,1.0382922505143364,1131,Downtown,505607.15662693104
H0920,3.709343574217177,,2614,Suburbs,733340.4597417401
H0921,3.2877928375105565,2.0745114448049877,3044,Downtown,463293.03255454055
H0922,2.382962750223899,2.9155859504559705,2701,Suburbs,419105.9160549721
H0923,1.258332841144378,,3032,Beachside,474571.13960546645
H0924,1.9269069755560597,2.8855952625126067,3699,Countryside,934657.3551882101
H0925,3.3958759460401913,1.2095804472171623,609,Beachside,542984.612709743
H0926,2.243867953461949,,1524,Beachside,211787.96233493835
H0927,4.943606457270549,2.5412662562711192,2373,Suburbs,833175.3322875726
H0928,2.0964386985310273,,3801,Countryside,929537.5027849929
H0929,,1.2062159792867422,3233,Suburbs,722560.1104039385
H0930,,2.990376772755683,1164,Suburbs,324192.9195648174
H0931,2.1918931498428,1.4165748369199007,2709,Suburbs,294846.2662182939
H0932,2.0724299677526328,2.888964236574979,1962,Suburbs,940755.7233169556
H0933,2.845744342214432,2.8753386658966553,2919,Countryside,822151.7271150815
H0934,3.751845855757431,2.559009478635547,3023,Downtown,776411.6843365488
H0935,4.117063730593117,,1307,Countryside,355935.80970288685
H0936,4.675526846123623,1.393536423756994,701,Suburbs,463432.9486489701
H0937,1.261482523725785,1.5529252417953683,3909,Beachside,144134.20160316172
H0938,1.7236163945743606,2.121762694328406,982,Countryside,928321.2557659303
H0939,,1.9364760980099995,3205,Beachside,973173.5793219699
H0940,3.7832660000610088,1.4173717077570167,3438,Beachside,339361.128495664
H0941,2.3067497251113793,,1122,Beachside,803802.222894035
H0942,3.421980041593347,,785,Suburbs,894004.1258149153
H0943,1.3533009475854705,1.2262830632087602,2881,Downtown,568707.9873205435
H0944,2.328408037167092,1.912218328616034,3446,Countryside,637591.7041135696
H0945,4.097403188484606,1.507538703254779,2133,Suburbs,427468.4290712677
H0946,1.911604383268779,2.8843854112005616,1271,Beachside,174185.1620229981
H0947,,2.4108983820950636,2792,Suburbs,355537.02957238356
H0948,,1.2583195069150508,1321,Countryside,260876.65857377
H0949,1.566910198454723,1.0032361719390455,1455,Beachside,633716.7661670323
H0950,,1.497047704839062,3852,Downtown,530629.8792493963
H0951,2.5763344428798836,2.794767707543419,3193,Beachside,395569.78946948424
H0952,1.6245829156182832,2.571563915865017,2803,Downtown,417305.33974673616
H0953,3.5193477370759965,2.4030594403778327,2640,Downtown,488943.86251209176
H0954,1.6619293629607403,,636,Countryside,998035.2744258499
H0955,3.0397928208825515,2.77544879802022,1070,Countryside,494935.57709304785
H0956,2.67700038420879,,1240,Beachside,526431.1040537766
H0957,4.951980908592176,1.6454236865827443,3059,Downtown,939380.6838037638
H0958,4.7939690821759715,1.415344299720071,3006,Downtown,769668.0266577128
H0959,3.238866785870131,2.7132968843653407,2320,Suburbs,970614.1097563319
H0960,3.925884398951397,2.5147071785596573,1499,Suburbs,526545.1434538313
H0961,3.272800297006618,1.2939677013400592,2707,Downtown,762156.6519565913
H0962,4.311513533718875,1.1831484140274917,1233,Beachside,738244.1661281353
H0963,,2.473773382845411,1738,Countryside,742650.0170395788
H0964,1.1924102806166408,1.967980788665565,1057,Downtown,568478.4174338396
H0965,4.859191485233511,2.5908783650144755,1731,Beachside,115422.9957428487
H0966,1.1663501043372073,1.5819837917164579,1373,Beachside,261256.90492770053
H0967,,1.009239097300181,2116,Countryside,396227.771044818
H0968,1.3867584926858942,2.5430287413585884,2790,Downtown,698126.4763176071
H0969,2.2574027399813303,,3119,Beachside,991579.5181566784
H0970,2.286682191569603,1.0466970180820536,1635,Downtown,419279.14878377685
H0971,4.010558441098784,2.584517388377906,1856,Downtown,143808.89668639895
H0972,3.3833504983953793,2.240736471589731,3571,Suburbs,211630.508669029
H0973,1.0405673122999568,2.848378395000709,821,Downtown,898538.3078814216
H0974,1.9271628234385085,2.0206594151439705,3826,Suburbs,932871.9042921815
H0975,3.6147191268063588,1.9721661672880526,3514,Countryside,389695.55854565767
H0976,2.6244755763508274,2.319153034726903,3232,Countryside,937545.2363811719
H0977,3.150562090238224,1.2031135380189566,1386,Countryside,379605.59264432103
H0978,4.24277612943807,2.0435936220223843,2744,Countryside,654740.2135786585
H0979,1.4408612790176103,2.6391750999992487,2755,Suburbs,383947.9568440391
H0980,3.892441338166189,2.209228441756526,1474,Suburbs,908979.2078997635
H0981,4.90154104950936,1.7557112746971966,3169,Suburbs,381638.00017739943
H0982,4.595165140790346,1.7268639046781875,1396,Countryside,433154.64684822847
H0983,1.355125229909063,2.9109646805832994,3625,Suburbs,219216.95846108862
H0984,1.7173143750211248,2.6650942569973424,601,Beachside,514714.1874869192
H0985,3.920965568938192,1.824650931352139,3043,Countryside,319899.9997488549
H0986,1.8865888929636556,2.3501957956975783,2984,Countryside,387629.60848330765
H0987,1.9287111922261575,1.6534742198475572,1899,Beachside,794125.7643383335
H0988,4.613410979310753,2.307778103863664,3919,Downtown,681683.8802576504
H0989,3.816295989281496,1.0200169798015235,2969,Downtown,851569.188795211
H0990,4.349465966093151,1.1550783449820494,1577,Downtown,759002.2352251152
H0991,2.167673006949852,1.2503311514201785,3290,Suburbs,337726.281892556
H0992,4.228128704212498,2.7283227672975787,2729,Downtown,227398.0781894739
H0993,4.640188333545892,,3326,Beachside,194572.5548548753
H0994,4.597616599084095,1.5084703610137298,3118,Downtown,309500.21170709166
H0995,3.5536681572922326,2.7028256664531396,795,Downtown,675469.2409298421
H0996,3.5295152358295576,2.675059196541734,3184,Beachside,271227.8200305817
H0997,3.8064253396526526,1.678452867866247,854,Suburbs,843383.7331238122
H0998,3.6087906703023864,1.9207475472662838,2555,Downtown,877199.0728955074
H0999,2.1306510026169305,1.8554437481351294,3906,Suburbs,376697.8811871464
H1000,,2.0139381266112912,662,Beachside,204425.78679686322
