order_id,order_date,product_id,quantity,price,customer_id
41,2023-01-10,P003,4,20.41,C013
403,2023-01-10,P001,7,47.17,C034
994,2023-01-10,P004,4,81.8,C019
226,2023-01-11,P016,10,115.17,C043
187,2023-01-11,P010,6,144.55,C006
584,2023-01-11,P017,5,18.1,C033
907,2023-01-12,P011,3,90.73,C027
724,2023-01-12,P009,1,101.87,C012
664,2023-01-14,P004,9,193.63,C002
513,2023-01-15,P019,5,72.8,C023
311,2023-01-15,P015,4,158.2,C040
587,2023-01-15,P002,8,169.96,C040
984,2023-01-16,P012,4,104.53,C037
267,2023-01-16,P011,4,146.92,C028
503,2023-01-17,P014,7,26.46,C043
657,2023-01-17,P018,4,69.48,C018
170,2023-01-19,P008,8,179.65,C046
848,2023-01-19,P018,5,164.08,C037
36,2023-01-20,P008,10,149.6,C040
375,2023-01-21,P001,5,173.7,C008
249,2023-01-23,P013,10,158.6,C048
545,2023-01-25,P006,2,7.49,C036
126,2023-01-25,P012,10,104.12,C046
958,2023-01-25,P019,3,79.8,C007
878,2023-01-26,P012,1,141.25,C042
917,2023-01-26,P002,1,88.73,C010
133,2023-01-26,P001,10,100.24,C008
880,2023-01-27,P014,3,70.34,C034
515,2023-01-28,P018,7,192.91,C043
824,2023-01-28,P005,8,182.76,C033
654,2023-01-28,P004,3,128.95,C035
118,2023-01-29,P001,5,176.06,C031
933,2023-01-29,P020,7,176.92,C017
740,2023-01-31,P017,2,99.97,C039
501,2023-01-31,P015,4,13.53,C024
494,2023-02-01,P016,1,196.26,C045
491,2023-02-01,P013,5,42.27,C024
433,2023-02-02,P013,3,79.72,C049
361,2023-02-04,P019,2,164.23,C044
960,2023-02-04,P004,9,15.29,C030
614,2023-02-04,P013,5,179.82,C006
935,2023-02-05,P004,8,110.28,C022
125,2023-02-05,P019,9,84.27,C015
419,2023-02-05,P019,6,44.95,C008
864,2023-02-06,P020,3,160.15,C003
372,2023-02-07,P014,10,69.66,C013
774,2023-02-07,P004,1,75.39,C005
142,2023-02-07,P018,10,82.86,C001
250,2023-02-08,P020,7,133.25,C041
374,2023-02-08,P016,2,103.05,C003
603,2023-02-08,P009,3,76.98,C050
665,2023-02-09,P007,5,80.5,C007
274,2023-02-09,P010,1,185.17,C032
903,2023-02-09,P001,9,67.6,C014
334,2023-02-09,P014,7,187.42,C027
256,2023-02-09,P002,3,157.48,C020
996,2023-02-10,P020,9,35.66,C010
722,2023-02-11,P012,10,156.81,C012
881,2023-02-11,P004,2,182.16,C027
754,2023-02-11,P001,2,102.08,C050
467,2023-02-11,P008,6,70.86,C031
741,2023-02-11,P003,8,30.44,C043
173,2023-02-12,P017,10,20.43,C045
113,2023-02-12,P012,10,151.7,C028
543,2023-02-12,P003,1,26.49,C004
200,2023-02-13,P001,8,63.05,C048
430,2023-02-13,P003,6,129.34,C018
759,2023-02-13,P011,4,156.44,C010
283,2023-02-14,P010,1,128.56,C039
695,2023-02-15,P006,2,34.32,C011
652,2023-02-17,P013,9,77.87,C011
418,2023-02-19,P009,4,173.66,C010
700,2023-02-20,P002,2,100.95,C006
558,2023-02-21,P020,4,157.07,C026
153,2023-02-21,P020,5,13.77,C044
863,2023-02-22,P017,3,176.38,C039
649,2023-02-23,P002,7,7.04,C048
310,2023-02-23,P020,8,157.96,C014
413,2023-02-24,P012,5,166.57,C023
885,2023-02-24,P019,6,12.5,C001
325,2023-02-25,P004,1,180.12,C026
407,2023-02-26,P008,3,92.71,C003
884,2023-02-27,P003,3,67.95,C028
369,2023-02-27,P011,7,163.31,C030
307,2023-02-27,P015,1,42.62,C013
659,2023-02-27,P004,9,99.28,C046
499,2023-03-02,P011,5,177.19,C015
506,2023-03-02,P003,6,175.58,C009
286,2023-03-02,P007,7,132.5,C047
756,2023-03-03,P011,1,7.39,C012
547,2023-03-04,P016,8,20.72,C019
829,2023-03-06,P010,5,53.35,C027
466,2023-03-06,P009,4,71.92,C025
770,2023-03-07,P002,4,163.69,C023
546,2023-03-07,P019,1,20.88,C027
923,2023-03-08,P011,7,111.04,C028
498,2023-03-08,P020,1,101.04,C047
53,2023-03-09,P013,7,193.84,C017
238,2023-03-10,P003,1,186.11,C012
764,2023-03-10,P014,4,175.33,C038
98,2023-03-11,P012,7,190.16,C019
554,2023-03-12,P009,2,98.98,C043
370,2023-03-12,P020,8,181.82,C035
218,2023-03-12,P016,7,110.53,C018
698,2023-03-12,P005,3,12.32,C047
308,2023-03-12,P018,5,53.28,C042
936,2023-03-16,P006,4,170.83,C035
76,2023-03-16,P009,8,180.6,C027
475,2023-03-19,P011,8,17.67,C027
229,2023-03-22,P017,5,13.23,C023
794,2023-03-23,P006,10,179.13,C029
488,2023-03-23,P004,9,117.29,C037
765,2023-03-23,P010,1,101.72,C002
290,2023-03-23,P018,10,185.32,C041
26,2023-03-24,P011,1,147.13,C015
143,2023-03-24,P001,5,30.26,C043
235,2023-03-24,P014,9,179.9,C030
110,2023-03-24,P003,5,190.4,C044
532,2023-03-25,P004,6,17.49,C014
608,2023-03-25,P007,8,87.1,C038
135,2023-03-25,P003,6,12.65,C013
734,2023-03-25,P005,5,168.28,C003
436,2023-03-27,P016,2,89.89,C026
674,2023-03-28,P006,6,106.6,C020
843,2023-03-29,P016,10,156.37,C024
57,2023-03-30,P016,9,15.76,C050
482,2023-04-02,P004,6,170.61,C022
519,2023-04-02,P017,1,178.46,C008
105,2023-04-05,P015,4,133.13,C042
763,2023-04-06,P018,2,116.67,C029
805,2023-04-06,P012,5,125.34,C034
230,2023-04-06,P014,3,187.62,C026
792,2023-04-06,P005,7,77.21,C011
331,2023-04-06,P005,8,187.39,C001
601,2023-04-08,P003,2,151.48,C049
803,2023-04-09,P002,8,42.42,C007
129,2023-04-10,P003,3,169.27,C023
447,2023-04-10,P014,10,107.13,C025
512,2023-04-10,P013,7,63.02,C040
997,2023-04-11,P013,9,107.0,C039
451,2023-04-12,P016,6,126.93,C012
777,2023-04-13,P006,5,82.85,C013
415,2023-04-13,P013,6,40.29,C010
684,2023-04-14,P004,5,65.57,C002
825,2023-04-14,P019,7,96.2,C003
522,2023-04-15,P007,6,151.15,C024
544,2023-04-16,P019,8,70.97,C001
243,2023-04-17,P019,7,63.95,C048
640,2023-04-21,P010,8,38.33,C027
908,2023-04-21,P004,6,22.22,C047
995,2023-04-22,P016,9,73.16,C002
726,2023-04-22,P017,8,63.73,C048
551,2023-04-24,P009,7,30.18,C004
579,2023-04-24,P007,9,37.66,C023
111,2023-04-26,P009,7,59.56,C016
337,2023-04-26,P011,7,94.81,C015
379,2023-04-28,P012,7,48.61,C010
912,2023-04-28,P018,7,57.88,C018
344,2023-04-28,P004,1,50.81,C002
362,2023-04-28,P002,6,127.34,C014
928,2023-04-29,P009,8,171.24,C017
938,2023-04-30,P008,1,199.01,C011
425,2023-04-30,P017,1,59.15,C042
432,2023-04-30,P004,6,5.22,C024
268,2023-04-30,P020,3,62.47,C027
877,2023-04-30,P018,3,189.58,C048
341,2023-04-30,P017,8,165.32,C042
534,2023-05-04,P009,8,166.11,C008
636,2023-05-04,P007,3,160.27,C049
592,2023-05-04,P010,3,100.01,C020
203,2023-05-05,P013,7,71.93,C023
378,2023-05-07,P010,9,150.7,C030
621,2023-05-09,P011,5,73.2,C016
275,2023-05-09,P009,4,116.37,C042
723,2023-05-09,P017,7,86.25,C028
677,2023-05-12,P019,9,172.7,C028
150,2023-05-13,P010,10,169.14,C002
919,2023-05-13,P012,10,32.26,C014
922,2023-05-13,P005,6,194.48,C014
819,2023-05-15,P012,9,65.91,C046
702,2023-05-16,P009,1,56.34,C047
160,2023-05-17,P014,4,170.73,C035
892,2023-05-19,P003,4,115.19,C025
140,2023-05-21,P016,6,122.41,C024
284,2023-05-21,P009,6,110.13,C049
775,2023-05-21,P003,6,122.08,C033
404,2023-05-23,P017,10,172.07,C037
530,2023-05-24,P016,9,170.02,C005
128,2023-05-25,P010,4,13.5,C006
699,2023-05-26,P007,1,54.19,C010
72,2023-05-26,P018,6,111.47,C013
518,2023-05-26,P009,1,96.69,C050
215,2023-05-27,P010,3,180.96,C040
745,2023-05-27,P005,3,43.1,C008
71,2023-05-28,P015,4,165.49,C003
460,2023-05-28,P016,2,179.67,C004
47,2023-05-29,P007,6,36.84,C045
188,2023-05-30,P014,7,17.13,C014
692,2023-06-02,P009,1,56.25,C040
338,2023-06-03,P013,5,58.95,C022
145,2023-06-04,P005,3,150.69,C012
785,2023-06-06,P017,6,118.83,C032
354,2023-06-06,P012,2,66.87,C047
746,2023-06-06,P006,7,9.06,C018
583,2023-06-07,P006,2,98.32,C019
509,2023-06-08,P019,9,107.45,C049
563,2023-06-08,P001,8,153.02,C050
392,2023-06-09,P008,4,91.67,C022
333,2023-06-10,P019,3,119.95,C005
265,2023-06-10,P002,3,36.31,C048
966,2023-06-10,P010,2,121.21,C040
508,2023-06-11,P018,9,152.01,C036
971,2023-06-11,P001,9,105.23,C002
130,2023-06-12,P004,4,87.52,C039
743,2023-06-12,P010,6,40.75,C017
224,2023-06-15,P012,10,156.74,C006
835,2023-06-15,P014,1,63.66,C036
720,2023-06-16,P011,3,48.05,C022
474,2023-06-16,P020,5,149.11,C045
336,2023-06-16,P019,6,35.09,C001
889,2023-06-17,P010,9,192.7,C003
356,2023-06-18,P007,5,54.24,C039
691,2023-06-19,P014,3,39.27,C011
849,2023-06-19,P014,5,99.39,C024
137,2023-06-20,P010,7,31.98,C004
106,2023-06-20,P005,8,28.53,C046
811,2023-06-20,P001,9,147.51,C050
373,2023-06-23,P017,10,112.03,C025
671,2023-06-24,P002,10,175.65,C031
882,2023-06-24,P001,5,63.37,C046
791,2023-06-28,P003,10,85.2,C020
597,2023-06-28,P002,6,181.53,C004
816,2023-06-29,P009,8,157.82,C019
697,2023-06-30,P009,3,20.74,C017
939,2023-07-01,P015,4,28.9,C014
49,2023-07-03,P007,3,175.58,C012
813,2023-07-04,P006,7,77.32,C012
175,2023-07-04,P014,4,123.91,C019
282,2023-07-04,P006,1,89.63,C012
190,2023-07-04,P014,1,97.16,C006
103,2023-07-06,P011,4,136.63,C004
539,2023-07-06,P017,5,167.77,C029
44,2023-07-07,P001,1,75.89,C049
916,2023-07-09,P016,1,9.17,C036
796,2023-07-10,P003,2,53.43,C009
576,2023-07-10,P006,3,76.72,C023
619,2023-07-11,P013,3,110.49,C006
157,2023-07-12,P014,6,180.03,C044
168,2023-07-12,P006,4,18.43,C026
16,2023-07-12,P001,10,92.22,C024
930,2023-07-13,P010,6,107.47,C047
609,2023-07-13,P009,5,11.69,C028
406,2023-07-15,P006,9,172.74,C010
751,2023-07-15,P020,6,130.62,C021
604,2023-07-16,P018,2,14.81,C020
363,2023-07-16,P018,7,127.95,C005
202,2023-07-18,P019,8,122.37,C009
4,2023-07-18,P002,2,66.43,C019
857,2023-07-18,P013,9,20.35,C035
790,2023-07-19,P006,6,57.41,C045
136,2023-07-19,P018,9,14.58,C046
33,2023-07-19,P013,10,112.14,C049
321,2023-07-19,P015,8,177.6,C004
871,2023-07-19,P011,3,52.55,C048
952,2023-07-20,P016,9,13.45,C023
898,2023-07-21,P005,5,152.38,C026
721,2023-07-23,P020,10,39.77,C008
943,2023-07-26,P012,1,175.1,C045
239,2023-07-29,P011,8,21.37,C046
86,2023-07-30,P007,1,17.42,C012
568,2023-07-31,P015,7,67.03,C012
248,2023-08-01,P008,6,124.19,C032
599,2023-08-02,P015,9,40.99,C033
233,2023-08-02,P013,1,146.01,C014
174,2023-08-03,P020,6,68.43,C003
13,2023-08-04,P010,10,36.76,C041
707,2023-08-05,P003,8,56.31,C014
610,2023-08-05,P001,10,132.08,C001
797,2023-08-06,P015,5,110.55,C015
783,2023-08-06,P006,2,154.27,C048
818,2023-08-07,P003,10,9.11,C043
416,2023-08-07,P008,10,165.6,C047
673,2023-08-08,P001,3,83.84,C047
178,2023-08-08,P018,9,48.75,C021
277,2023-08-09,P001,10,149.0,C031
964,2023-08-09,P009,8,167.64,C048
623,2023-08-09,P009,5,114.23,C025
541,2023-08-10,P011,3,77.89,C048
70,2023-08-10,P014,5,67.08,C009
526,2023-08-11,P010,4,13.56,C023
633,2023-08-11,P010,9,166.84,C013
937,2023-08-11,P014,10,163.5,C032
280,2023-08-12,P005,10,31.35,C005
564,2023-08-12,P002,7,85.87,C010
786,2023-08-14,P009,8,185.2,C029
588,2023-08-16,P016,6,152.25,C023
650,2023-08-17,P004,9,93.21,C050
299,2023-08-18,P018,9,73.49,C032
8,2023-08-19,P019,8,85.96,C015
410,2023-08-19,P002,6,155.84,C005
873,2023-08-20,P012,2,157.05,C018
616,2023-08-21,P010,2,166.3,C045
481,2023-08-21,P020,10,167.27,C013
21,2023-08-24,P010,6,194.62,C045
946,2023-08-25,P019,3,49.88,C017
165,2023-08-25,P005,6,55.25,C018
210,2023-08-26,P001,7,6.72,C034
749,2023-08-26,P007,2,172.11,C013
855,2023-08-27,P007,9,54.73,C031
538,2023-08-28,P006,3,146.39,C013
223,2023-08-29,P009,10,149.95,C013
647,2023-08-30,P003,10,67.34,C035
780,2023-08-31,P009,9,116.22,C009
54,2023-08-31,P009,2,195.14,C029
562,2023-09-01,P004,3,116.09,C001
350,2023-09-02,P013,7,179.01,C007
990,2023-09-03,P004,5,165.7,C027
737,2023-09-03,P004,10,75.05,C047
45,2023-09-04,P001,4,192.98,C023
739,2023-09-04,P017,8,172.09,C031
822,2023-09-06,P017,1,97.55,C006
973,2023-09-07,P011,6,34.16,C033
893,2023-09-07,P020,10,74.44,C012
288,2023-09-07,P009,10,160.17,C007
676,2023-09-08,P006,8,176.63,C002
982,2023-09-08,P017,3,25.98,C032
913,2023-09-08,P016,4,40.54,C031
377,2023-09-08,P013,4,96.47,C034
108,2023-09-10,P011,9,89.4,C019
269,2023-09-10,P006,1,134.54,C041
189,2023-09-11,P018,3,91.04,C049
172,2023-09-12,P008,2,50.81,C003
446,2023-09-13,P011,3,118.16,C036
272,2023-09-14,P011,4,66.39,C010
617,2023-09-15,P019,3,90.7,C021
357,2023-09-15,P017,3,199.43,C016
733,2023-09-15,P019,1,141.59,C027
968,2023-09-15,P001,5,46.98,C047
867,2023-09-17,P009,3,108.5,C016
156,2023-09-17,P015,3,152.99,C046
752,2023-09-18,P011,8,153.57,C009
295,2023-09-18,P012,3,41.23,C038
520,2023-09-18,P010,10,50.45,C048
438,2023-09-20,P001,8,43.4,C029
246,2023-09-20,P019,2,176.36,C028
502,2023-09-21,P010,6,89.61,C029
139,2023-09-23,P016,1,193.2,C007
177,2023-09-24,P002,4,167.2,C015
709,2023-09-25,P001,6,115.22,C035
642,2023-09-25,P008,1,157.58,C005
979,2023-09-25,P011,5,89.57,C027
839,2023-09-25,P020,6,158.35,C013
940,2023-09-27,P020,9,92.49,C028
874,2023-09-27,P009,6,132.24,C019
891,2023-09-28,P018,10,160.96,C043
166,2023-09-28,P012,3,197.36,C025
500,2023-09-29,P001,5,103.33,C034
846,2023-09-29,P006,3,170.1,C022
146,2023-09-29,P011,2,33.78,C004
807,2023-09-29,P011,9,9.86,C023
179,2023-09-29,P011,2,188.57,C004
324,2023-09-29,P015,4,99.35,C033
524,2023-10-01,P016,6,106.44,C010
988,2023-10-02,P001,5,62.21,C040
556,2023-10-06,P020,10,175.48,C034
514,2023-10-06,P009,9,171.45,C019
742,2023-10-06,P004,3,12.95,C010
319,2023-10-06,P018,3,25.89,C036
123,2023-10-07,P018,2,112.77,C025
634,2023-10-08,P010,8,128.82,C018
263,2023-10-09,P014,3,181.83,C029
304,2023-10-11,P008,2,196.9,C034
339,2023-10-13,P011,9,199.5,C036
192,2023-10-13,P008,2,197.49,C021
638,2023-10-15,P004,5,166.96,C029
896,2023-10-16,P006,8,193.85,C040
862,2023-10-17,P019,9,29.52,C010
439,2023-10-17,P015,9,197.92,C030
68,2023-10-18,P013,6,90.91,C009
429,2023-10-19,P011,2,105.67,C021
184,2023-10-20,P020,10,122.66,C007
696,2023-10-20,P011,5,81.73,C020
398,2023-10-21,P018,1,131.41,C015
690,2023-10-21,P014,2,127.69,C001
688,2023-10-21,P020,5,108.14,C023
122,2023-10-22,P015,9,196.33,C002
906,2023-10-22,P006,4,109.54,C043
945,2023-10-23,P019,10,112.49,C014
84,2023-10-23,P020,8,184.28,C039
312,2023-10-24,P014,5,154.11,C032
278,2023-10-25,P010,1,136.01,C031
826,2023-10-26,P016,5,124.36,C026
730,2023-10-26,P017,3,148.04,C022
237,2023-10-26,P008,1,115.57,C011
607,2023-10-26,P016,2,154.68,C044
332,2023-10-27,P008,5,42.06,C044
38,2023-10-28,P016,1,52.77,C014
573,2023-10-28,P008,7,141.82,C017
221,2023-10-30,P007,9,68.21,C048
196,2023-10-31,P011,10,102.14,C002
630,2023-10-31,P016,10,75.86,C041
287,2023-10-31,P011,10,135.95,C015
942,2023-11-01,P001,7,94.06,C049
956,2023-11-01,P017,2,170.12,C033
6,2023-11-02,P010,6,116.04,C011
345,2023-11-02,P002,7,118.56,C015
905,2023-11-04,P019,4,63.3,C003
559,2023-11-04,P016,1,61.52,C013
411,2023-11-04,P013,8,161.85,C012
897,2023-11-05,P018,6,75.27,C030
162,2023-11-05,P008,3,158.08,C005
427,2023-11-06,P014,3,193.13,C045
628,2023-11-06,P009,1,61.88,C017
195,2023-11-08,P016,5,177.75,C005
185,2023-11-08,P012,7,6.06,C041
767,2023-11-08,P017,9,187.33,C041
487,2023-11-09,P008,2,112.56,C022
622,2023-11-09,P002,10,12.15,C049
289,2023-11-09,P005,8,186.52,C041
644,2023-11-09,P016,4,134.41,C041
560,2023-11-10,P003,6,130.97,C031
420,2023-11-11,P008,9,188.94,C023
198,2023-11-11,P008,1,120.14,C044
542,2023-11-12,P004,2,182.87,C040
480,2023-11-13,P017,9,176.02,C005
3,2023-11-13,P003,3,97.43,C044
548,2023-11-13,P005,4,182.34,C040
678,2023-11-14,P015,10,171.36,C006
552,2023-11-14,P005,1,110.42,C039
887,2023-11-14,P015,5,60.65,C029
318,2023-11-15,P006,1,173.09,C010
298,2023-11-17,P014,6,101.38,C006
134,2023-11-17,P005,3,177.49,C001
483,2023-11-17,P011,2,196.61,C039
771,2023-11-18,P005,1,37.89,C016
323,2023-11-21,P019,3,163.18,C016
575,2023-11-21,P017,4,154.76,C049
781,2023-11-23,P016,3,194.73,C028
27,2023-11-23,P002,1,148.52,C019
680,2023-11-24,P020,9,161.0,C035
890,2023-11-24,P015,8,70.63,C037
868,2023-11-28,P019,2,172.63,C012
769,2023-11-28,P015,10,165.12,C044
787,2023-11-28,P011,8,162.87,C018
159,2023-11-29,P001,1,8.04,C032
462,2023-11-30,P005,9,84.87,C001
686,2023-11-30,P006,1,77.26,C014
555,2023-12-01,P010,3,19.36,C034
201,2023-12-01,P018,6,79.97,C014
66,2023-12-01,P014,2,132.69,C041
492,2023-12-02,P007,2,183.11,C027
572,2023-12-02,P006,2,120.7,C031
681,2023-12-02,P004,10,25.0,C036
52,2023-12-03,P010,8,49.49,C048
314,2023-12-03,P010,2,120.77,C032
93,2023-12-05,P020,5,136.48,C007
329,2023-12-06,P002,5,141.18,C026
577,2023-12-07,P015,8,94.28,C032
732,2023-12-07,P018,10,178.74,C023
240,2023-12-07,P009,7,10.28,C023
464,2023-12-08,P006,7,74.08,C033
954,2023-12-09,P008,2,43.99,C023
847,2023-12-09,P001,2,156.01,C031
738,2023-12-09,P013,8,33.7,C012
927,2023-12-10,P007,10,165.56,C026
710,2023-12-11,P002,5,152.95,C042
762,2023-12-12,P016,1,7.01,C044
757,2023-12-12,P013,5,60.46,C020
675,2023-12-12,P016,9,88.21,C026
902,2023-12-14,P010,3,137.11,C006
580,2023-12-14,P008,9,159.68,C040
444,2023-12-17,P007,8,181.8,C016
211,2023-12-17,P002,5,95.62,C044
565,2023-12-20,P004,4,55.31,C017
161,2023-12-20,P004,9,54.59,C029
431,2023-12-20,P010,2,116.17,C009
594,2023-12-20,P006,4,177.59,C002
655,2023-12-20,P007,7,180.71,C016
643,2023-12-21,P007,7,47.66,C026
25,2023-12-21,P020,7,179.92,C033
292,2023-12-22,P014,5,147.13,C002
525,2023-12-22,P003,9,115.76,C033
75,2023-12-24,P003,2,9.32,C038
9,2023-12-24,P016,6,163.29,C019
645,2023-12-24,P004,6,198.88,C009
31,2023-12-24,P003,5,115.63,C001
281,2023-12-25,P010,1,10.83,C021
296,2023-12-26,P003,10,10.04,C035
854,2023-12-27,P003,2,196.3,C025
1000,2023-12-27,P016,1,155.04,C041
396,2023-12-28,P001,4,80.07,C030
582,2023-12-29,P011,2,14.87,C037
100,2023-12-31,P013,8,43.58,C012
469,2023-12-31,P001,8,143.87,C039
205,2024-01-01,P015,2,164.93,C013
315,2024-01-02,P016,6,82.42,C049
776,2024-01-03,P007,8,28.93,C012
718,2024-01-03,P004,1,184.89,C024
441,2024-01-03,P015,9,27.81,C002
421,2024-01-04,P020,1,162.82,C044
944,2024-01-04,P008,7,99.9,C035
42,2024-01-05,P015,10,117.93,C005
852,2024-01-06,P018,4,14.6,C043
209,2024-01-06,P001,2,117.07,C013
957,2024-01-07,P005,7,185.59,C026
348,2024-01-07,P019,2,154.61,C019
352,2024-01-09,P002,1,145.16,C008
351,2024-01-09,P016,9,137.6,C049
384,2024-01-12,P003,2,10.08,C033
141,2024-01-13,P006,5,82.58,C012
12,2024-01-13,P004,4,86.08,C048
382,2024-01-14,P010,10,20.14,C026
405,2024-01-15,P012,7,127.62,C049
55,2024-01-16,P020,5,46.7,C003
164,2024-01-16,P019,4,166.24,C045
5,2024-01-18,P002,9,50.16,C041
828,2024-01-18,P010,9,165.88,C046
706,2024-01-19,P009,7,19.07,C026
910,2024-01-20,P009,2,137.94,C038
801,2024-01-21,P019,6,15.8,C015
712,2024-01-22,P014,8,38.97,C023
814,2024-01-23,P002,6,122.67,C032
624,2024-01-24,P004,1,54.24,C027
313,2024-01-24,P006,3,166.42,C001
458,2024-01-24,P009,6,91.69,C011
244,2024-01-25,P002,9,28.12,C038
285,2024-01-27,P005,6,42.21,C044
683,2024-01-28,P009,8,140.38,C016
744,2024-01-28,P016,7,21.18,C020
605,2024-01-29,P012,9,89.28,C009
845,2024-01-29,P016,2,43.47,C044
658,2024-01-30,P012,7,156.65,C014
204,2024-01-30,P011,10,167.63,C017
228,2024-01-31,P015,7,70.36,C027
967,2024-01-31,P011,10,108.76,C001
618,2024-02-01,P012,6,86.49,C033
627,2024-02-02,P005,8,29.79,C034
899,2024-02-02,P018,8,7.48,C021
116,2024-02-04,P013,7,147.09,C019
789,2024-02-05,P009,7,146.45,C033
393,2024-02-05,P019,10,158.66,C050
264,2024-02-07,P014,3,77.84,C016
62,2024-02-08,P003,8,125.27,C043
875,2024-02-08,P005,3,65.26,C035
83,2024-02-09,P005,3,5.06,C043
784,2024-02-09,P015,6,83.79,C013
591,2024-02-12,P003,10,27.01,C046
340,2024-02-13,P014,7,143.25,C014
60,2024-02-14,P004,2,118.64,C023
279,2024-02-14,P004,1,36.91,C026
35,2024-02-15,P013,10,192.81,C007
437,2024-02-15,P010,4,130.31,C003
948,2024-02-16,P008,1,45.02,C008
58,2024-02-16,P009,3,118.06,C020
549,2024-02-16,P013,6,163.41,C027
821,2024-02-18,P014,5,6.7,C009
782,2024-02-21,P017,1,88.55,C034
252,2024-02-22,P013,1,28.25,C022
569,2024-02-22,P014,9,168.21,C048
169,2024-02-23,P016,7,50.65,C017
206,2024-02-24,P009,6,151.75,C037
986,2024-02-26,P016,5,98.37,C020
484,2024-02-27,P007,7,144.97,C027
972,2024-02-27,P018,5,198.61,C044
48,2024-02-28,P008,1,12.23,C018
194,2024-02-29,P015,8,50.01,C021
163,2024-03-01,P004,8,13.8,C021
833,2024-03-01,P001,6,137.2,C024
473,2024-03-02,P015,8,156.54,C033
951,2024-03-02,P009,9,109.26,C039
385,2024-03-04,P012,9,51.86,C036
114,2024-03-04,P013,5,140.67,C001
625,2024-03-04,P007,10,78.5,C035
69,2024-03-05,P018,8,38.04,C010
121,2024-03-06,P013,4,173.18,C028
92,2024-03-08,P006,9,147.11,C027
533,2024-03-09,P008,4,86.03,C043
717,2024-03-09,P005,10,6.91,C001
606,2024-03-10,P007,7,84.61,C005
962,2024-03-10,P014,5,49.1,C045
10,2024-03-11,P007,8,118.54,C015
366,2024-03-11,P014,4,120.45,C015
316,2024-03-12,P016,8,36.43,C048
823,2024-03-12,P014,3,78.94,C050
399,2024-03-13,P007,2,163.3,C005
694,2024-03-13,P019,5,70.45,C033
976,2024-03-13,P004,10,60.85,C001
266,2024-03-14,P006,2,11.91,C037
65,2024-03-14,P020,10,69.12,C019
90,2024-03-16,P009,7,64.44,C038
840,2024-03-17,P009,4,100.12,C024
639,2024-03-17,P011,9,130.87,C033
613,2024-03-20,P016,2,151.65,C044
67,2024-03-20,P002,5,178.42,C031
158,2024-03-21,P002,10,184.43,C027
925,2024-03-22,P013,9,77.24,C013
394,2024-03-22,P014,8,162.3,C036
992,2024-03-24,P009,2,112.69,C043
64,2024-03-25,P017,7,34.86,C044
929,2024-03-25,P013,8,191.39,C036
858,2024-03-26,P015,5,116.69,C040
788,2024-03-27,P005,7,101.41,C018
516,2024-03-27,P013,9,181.59,C011
120,2024-03-28,P020,6,49.16,C040
355,2024-03-30,P007,8,195.77,C008
443,2024-03-30,P018,6,100.06,C046
703,2024-03-31,P010,3,171.71,C002
28,2024-03-31,P003,7,175.22,C030
73,2024-04-01,P001,2,165.11,C002
428,2024-04-01,P020,9,119.69,C021
704,2024-04-01,P015,9,144.59,C028
99,2024-04-01,P002,7,137.1,C046
434,2024-04-05,P007,1,26.68,C034
15,2024-04-06,P015,9,24.7,C007
586,2024-04-06,P006,7,12.74,C010
273,2024-04-07,P010,7,183.42,C005
926,2024-04-07,P014,10,196.39,C030
666,2024-04-07,P013,9,102.86,C047
449,2024-04-08,P002,1,92.61,C023
653,2024-04-08,P007,5,133.87,C038
182,2024-04-08,P001,7,181.06,C014
989,2024-04-11,P020,4,178.01,C021
879,2024-04-12,P008,7,126.86,C025
626,2024-04-12,P012,1,80.36,C003
303,2024-04-12,P003,8,16.52,C036
841,2024-04-13,P007,6,78.06,C007
590,2024-04-13,P017,5,74.47,C048
635,2024-04-13,P008,3,125.14,C034
817,2024-04-13,P009,10,50.17,C015
435,2024-04-14,P012,3,79.25,C019
101,2024-04-14,P010,8,6.4,C005
711,2024-04-15,P015,10,30.97,C045
217,2024-04-16,P014,5,174.58,C035
445,2024-04-16,P009,10,111.59,C016
629,2024-04-17,P005,2,69.2,C048
181,2024-04-17,P004,3,122.86,C047
529,2024-04-18,P019,9,179.42,C045
119,2024-04-18,P015,9,26.77,C020
191,2024-04-19,P019,4,173.31,C046
581,2024-04-19,P010,8,162.2,C015
553,2024-04-19,P005,9,177.02,C011
701,2024-04-20,P016,10,60.53,C048
306,2024-04-21,P015,2,182.58,C019
262,2024-04-21,P020,7,165.66,C034
414,2024-04-22,P007,3,15.41,C024
804,2024-04-25,P003,3,54.3,C027
138,2024-04-26,P020,8,80.99,C022
231,2024-04-28,P015,9,17.91,C032
186,2024-04-29,P002,8,113.46,C040
245,2024-04-29,P011,3,17.52,C041
648,2024-04-30,P004,7,110.27,C048
883,2024-05-01,P017,1,137.12,C032
850,2024-05-01,P014,5,63.61,C034
725,2024-05-02,P013,8,97.5,C036
380,2024-05-03,P016,10,139.05,C049
259,2024-05-03,P016,2,28.3,C004
870,2024-05-04,P003,2,70.92,C003
402,2024-05-04,P018,6,98.2,C014
74,2024-05-04,P019,6,9.2,C015
810,2024-05-06,P018,6,153.87,C003
94,2024-05-06,P015,4,44.61,C041
799,2024-05-06,P015,6,168.09,C046
851,2024-05-07,P019,7,123.04,C035
199,2024-05-08,P019,9,114.05,C050
472,2024-05-11,P018,2,110.68,C037
641,2024-05-12,P003,1,34.98,C028
40,2024-05-12,P019,8,95.99,C034
663,2024-05-13,P001,8,18.47,C036
353,2024-05-13,P019,6,107.39,C028
872,2024-05-14,P009,1,76.24,C044
747,2024-05-15,P014,7,194.62,C005
151,2024-05-15,P011,4,121.98,C009
424,2024-05-16,P020,3,26.53,C021
510,2024-05-16,P019,7,116.69,C032
808,2024-05-17,P017,1,16.99,C037
815,2024-05-17,P005,2,151.1,C002
154,2024-05-18,P015,8,183.81,C022
330,2024-05-18,P010,2,135.67,C015
222,2024-05-19,P001,9,157.71,C015
595,2024-05-19,P007,7,19.05,C014
386,2024-05-20,P014,9,181.0,C046
317,2024-05-20,P008,3,9.35,C042
346,2024-05-21,P001,3,9.17,C036
961,2024-05-21,P005,7,5.97,C044
456,2024-05-21,P004,7,29.68,C005
251,2024-05-21,P011,5,118.87,C010
728,2024-05-21,P012,3,96.7,C027
117,2024-05-21,P014,10,148.51,C040
978,2024-05-22,P014,3,175.33,C049
448,2024-05-22,P019,7,83.73,C038
921,2024-05-23,P013,2,192.79,C039
24,2024-05-23,P012,6,13.53,C019
901,2024-05-25,P004,1,11.11,C029
661,2024-05-25,P010,2,148.44,C039
965,2024-05-25,P013,10,170.64,C022
493,2024-05-25,P001,3,154.16,C032
953,2024-05-26,P020,7,22.37,C035
570,2024-05-27,P011,10,11.48,C033
646,2024-05-31,P010,5,110.98,C030
834,2024-06-01,P007,5,47.44,C017
112,2024-06-02,P012,9,135.59,C035
637,2024-06-02,P002,6,55.42,C043
585,2024-06-03,P003,9,41.66,C014
479,2024-06-03,P001,5,196.46,C023
297,2024-06-04,P005,9,86.95,C037
669,2024-06-04,P003,2,150.06,C032
258,2024-06-05,P019,5,152.24,C031
197,2024-06-06,P012,4,102.1,C041
327,2024-06-06,P004,3,176.64,C002
859,2024-06-07,P007,1,93.59,C007
809,2024-06-07,P018,8,60.27,C002
719,2024-06-07,P015,10,85.72,C026
85,2024-06-08,P004,5,163.35,C041
705,2024-06-08,P015,4,92.35,C041
59,2024-06-09,P004,5,162.52,C034
593,2024-06-09,P002,6,176.94,C003
682,2024-06-11,P003,8,17.74,C022
260,2024-06-13,P017,10,23.2,C043
753,2024-06-13,P001,5,64.98,C031
183,2024-06-16,P017,9,150.83,C048
225,2024-06-17,P002,5,73.87,C039
423,2024-06-17,P018,4,73.02,C037
367,2024-06-17,P001,1,84.47,C018
271,2024-06-18,P014,5,191.56,C038
37,2024-06-19,P011,3,14.61,C033
977,2024-06-19,P004,6,98.64,C022
955,2024-06-20,P001,9,48.81,C032
497,2024-06-21,P008,3,20.34,C014
758,2024-06-22,P017,8,156.69,C012
219,2024-06-23,P020,8,93.58,C041
869,2024-06-23,P009,2,123.22,C048
670,2024-06-24,P007,3,76.34,C043
865,2024-06-24,P001,8,130.36,C032
561,2024-06-25,P015,9,125.95,C046
22,2024-06-26,P014,8,55.82,C032
147,2024-06-27,P007,8,186.72,C026
104,2024-06-27,P013,3,143.13,C031
911,2024-06-28,P003,9,53.6,C042
876,2024-06-28,P010,2,16.4,C041
836,2024-06-28,P013,7,86.44,C043
932,2024-06-28,P002,2,60.29,C042
795,2024-06-28,P001,8,183.84,C024
490,2024-06-29,P005,9,38.09,C017
900,2024-06-30,P002,1,111.29,C024
300,2024-06-30,P001,4,157.28,C019
941,2024-06-30,P012,8,32.53,C021
748,2024-06-30,P006,5,179.38,C013
806,2024-07-01,P004,4,14.55,C017
798,2024-07-01,P016,5,58.12,C019
959,2024-07-03,P001,2,14.82,C009
550,2024-07-04,P006,8,18.46,C026
662,2024-07-05,P016,1,11.21,C042
800,2024-07-05,P004,8,116.92,C044
171,2024-07-05,P005,6,129.04,C003
651,2024-07-07,P004,8,89.43,C049
390,2024-07-09,P006,5,140.2,C011
895,2024-07-09,P005,1,36.53,C025
983,2024-07-09,P001,1,145.03,C039
257,2024-07-10,P011,5,74.52,C041
309,2024-07-11,P013,9,124.08,C027
672,2024-07-12,P018,5,124.12,C020
540,2024-07-14,P014,6,150.12,C003
772,2024-07-14,P019,4,118.37,C016
611,2024-07-15,P009,10,129.27,C001
14,2024-07-15,P003,5,96.72,C025
207,2024-07-15,P015,6,86.03,C018
388,2024-07-16,P002,3,84.48,C048
463,2024-07-16,P009,4,135.86,C037
77,2024-07-16,P007,1,102.19,C038
2,2024-07-17,P005,6,17.52,C009
596,2024-07-18,P004,3,152.38,C043
838,2024-07-18,P014,9,29.47,C026
598,2024-07-20,P003,3,122.0,C009
830,2024-07-22,P006,2,25.97,C007
766,2024-07-22,P020,1,121.93,C030
574,2024-07-24,P009,5,57.86,C015
589,2024-07-24,P008,5,28.26,C013
950,2024-07-27,P016,7,44.56,C031
489,2024-07-28,P012,7,27.95,C039
832,2024-07-29,P017,10,138.8,C032
440,2024-07-30,P001,1,70.78,C009
963,2024-07-30,P005,9,169.43,C047
322,2024-07-31,P002,6,129.76,C017
478,2024-08-01,P006,2,197.53,C012
631,2024-08-01,P013,4,165.62,C031
831,2024-08-03,P020,4,54.43,C027
461,2024-08-03,P019,4,174.36,C005
7,2024-08-04,P013,2,171.65,C032
991,2024-08-04,P018,10,21.19,C016
793,2024-08-04,P018,1,198.09,C039
364,2024-08-05,P018,1,76.82,C030
861,2024-08-06,P020,7,187.31,C004
459,2024-08-06,P008,8,168.58,C022
727,2024-08-07,P002,10,39.74,C006
920,2024-08-07,P009,5,27.23,C030
632,2024-08-08,P012,6,169.91,C046
450,2024-08-08,P009,9,77.88,C008
687,2024-08-09,P016,6,9.75,C046
465,2024-08-09,P006,6,28.87,C029
270,2024-08-09,P002,3,136.72,C044
397,2024-08-10,P018,5,58.12,C031
615,2024-08-11,P020,4,143.84,C002
241,2024-08-11,P015,5,76.02,C001
97,2024-08-11,P009,6,59.99,C008
107,2024-08-12,P005,5,135.09,C017
736,2024-08-12,P016,7,35.38,C020
571,2024-08-13,P007,2,99.54,C048
567,2024-08-14,P016,5,142.84,C030
401,2024-08-15,P012,7,5.25,C031
453,2024-08-16,P008,6,5.91,C032
131,2024-08-17,P013,4,152.74,C017
51,2024-08-19,P013,2,195.85,C028
537,2024-08-20,P002,4,195.1,C030
34,2024-08-20,P005,5,44.67,C007
387,2024-08-20,P020,1,61.17,C032
689,2024-08-21,P017,7,122.22,C009
368,2024-08-21,P014,2,72.79,C046
918,2024-08-21,P005,5,190.39,C046
931,2024-08-21,P010,6,73.27,C014
212,2024-08-23,P001,5,41.34,C037
760,2024-08-23,P020,6,168.04,C004
820,2024-08-23,P015,5,146.2,C004
412,2024-08-24,P017,8,189.6,C033
457,2024-08-24,P005,6,138.65,C003
19,2024-08-24,P017,3,67.31,C040
87,2024-08-25,P020,4,81.44,C050
214,2024-08-25,P019,4,108.3,C017
61,2024-08-27,P020,4,45.81,C045
985,2024-08-28,P004,6,79.33,C036
109,2024-08-28,P020,7,40.03,C046
837,2024-08-28,P005,1,116.45,C046
360,2024-08-30,P010,2,45.77,C013
505,2024-08-30,P004,7,179.96,C032
476,2024-08-30,P003,1,46.89,C019
915,2024-08-31,P014,4,60.98,C042
860,2024-09-01,P005,6,10.52,C006
227,2024-09-02,P009,1,29.27,C029
39,2024-09-03,P004,3,187.33,C046
395,2024-09-04,P018,5,127.1,C040
773,2024-09-07,P006,5,119.59,C022
417,2024-09-07,P018,8,84.33,C049
812,2024-09-09,P007,2,103.55,C015
844,2024-09-10,P012,6,24.28,C008
167,2024-09-13,P007,9,108.43,C048
148,2024-09-13,P014,4,45.26,C017
914,2024-09-15,P006,6,77.39,C042
293,2024-09-15,P010,10,171.8,C024
365,2024-09-16,P004,8,64.07,C008
80,2024-09-16,P009,6,141.21,C034
376,2024-09-17,P004,5,154.71,C008
102,2024-09-18,P008,8,99.49,C014
1,2024-09-18,P007,6,153.98,C026
155,2024-09-19,P001,4,186.77,C030
856,2024-09-20,P003,6,195.94,C041
88,2024-09-21,P014,2,88.87,C019
400,2024-09-23,P017,10,10.89,C047
236,2024-09-25,P007,10,89.64,C041
802,2024-09-28,P009,1,179.93,C030
408,2024-09-29,P017,9,53.74,C042
517,2024-09-29,P011,8,77.18,C024
750,2024-09-29,P016,10,75.4,C041
242,2024-09-30,P004,8,96.54,C041
326,2024-10-02,P019,10,53.87,C047
422,2024-10-02,P013,8,95.14,C028
32,2024-10-03,P007,10,74.52,C004
660,2024-10-04,P005,7,190.22,C041
43,2024-10-05,P012,7,101.4,C046
371,2024-10-06,P001,7,161.04,C003
909,2024-10-06,P011,9,126.81,C034
46,2024-10-07,P014,6,147.52,C020
778,2024-10-07,P006,3,196.59,C026
455,2024-10-08,P020,1,23.98,C004
247,2024-10-08,P003,9,116.5,C015
232,2024-10-09,P010,2,74.12,C035
668,2024-10-09,P012,4,65.68,C003
213,2024-10-10,P004,10,35.41,C049
193,2024-10-10,P012,9,124.0,C012
78,2024-10-11,P012,9,24.85,C018
708,2024-10-12,P014,2,136.72,C034
347,2024-10-12,P006,4,70.76,C032
442,2024-10-15,P009,2,180.01,C025
735,2024-10-16,P020,10,79.51,C011
602,2024-10-16,P008,10,19.75,C021
208,2024-10-17,P005,10,22.16,C017
656,2024-10-20,P007,10,72.98,C011
477,2024-10-20,P001,3,170.64,C015
888,2024-10-23,P007,9,103.45,C024
507,2024-10-24,P014,7,130.0,C012
301,2024-10-24,P019,3,187.62,C037
89,2024-10-25,P009,9,75.09,C028
679,2024-10-26,P017,1,102.78,C014
535,2024-10-27,P013,9,186.71,C029
81,2024-10-27,P011,6,62.25,C023
23,2024-10-28,P002,9,56.18,C044
981,2024-10-28,P005,10,86.58,C017
359,2024-10-28,P010,2,154.43,C037
842,2024-10-29,P013,6,33.2,C019
383,2024-10-29,P012,3,103.16,C022
947,2024-10-29,P020,10,183.65,C038
470,2024-10-29,P005,4,91.49,C008
261,2024-10-30,P004,9,59.02,C007
20,2024-10-30,P005,9,147.22,C003
328,2024-10-31,P016,5,149.36,C005
391,2024-11-02,P008,10,193.36,C001
11,2024-11-03,P019,1,69.86,C018
291,2024-11-04,P015,6,151.18,C046
612,2024-11-04,P020,8,32.64,C007
17,2024-11-05,P004,6,158.14,C003
685,2024-11-05,P012,2,173.03,C042
115,2024-11-05,P003,2,16.32,C024
255,2024-11-05,P014,1,171.14,C046
452,2024-11-06,P009,9,54.88,C038
29,2024-11-07,P013,6,72.86,C040
980,2024-11-09,P013,10,93.13,C014
454,2024-11-10,P011,7,16.28,C032
349,2024-11-10,P008,9,95.36,C017
96,2024-11-10,P015,1,59.56,C037
149,2024-11-11,P002,5,113.48,C022
495,2024-11-11,P013,6,85.43,C039
768,2024-11-11,P010,2,105.8,C047
302,2024-11-12,P008,6,28.05,C024
620,2024-11-12,P011,8,195.09,C019
904,2024-11-13,P011,6,57.36,C010
731,2024-11-13,P008,9,167.41,C007
485,2024-11-14,P011,4,147.1,C029
82,2024-11-14,P019,8,24.06,C012
79,2024-11-14,P004,4,18.86,C032
975,2024-11-15,P018,10,16.66,C025
924,2024-11-18,P020,5,120.88,C043
715,2024-11-19,P018,7,22.7,C011
998,2024-11-19,P004,8,165.96,C041
934,2024-11-21,P007,3,69.63,C019
56,2024-11-21,P016,10,48.86,C024
755,2024-11-22,P014,2,7.42,C035
716,2024-11-22,P002,6,189.41,C024
468,2024-11-22,P012,10,196.18,C019
779,2024-11-23,P002,5,108.27,C004
132,2024-11-24,P020,10,83.28,C050
486,2024-11-24,P019,7,144.51,C009
578,2024-11-25,P015,1,98.72,C005
254,2024-11-25,P004,1,85.06,C024
527,2024-11-25,P004,3,30.93,C019
511,2024-11-25,P002,2,191.57,C003
693,2024-11-27,P017,9,53.55,C038
409,2024-11-29,P020,8,126.11,C033
471,2024-11-30,P020,9,58.93,C045
536,2024-12-01,P020,10,197.37,C040
253,2024-12-01,P006,4,43.83,C033
335,2024-12-02,P002,4,182.22,C048
180,2024-12-02,P012,7,88.74,C014
999,2024-12-03,P001,2,66.26,C025
557,2024-12-03,P017,4,42.84,C009
566,2024-12-04,P004,7,46.28,C020
91,2024-12-04,P010,9,180.48,C007
987,2024-12-06,P015,1,87.58,C031
176,2024-12-06,P020,7,93.43,C042
853,2024-12-06,P011,9,165.74,C043
714,2024-12-07,P019,6,44.88,C013
713,2024-12-09,P010,10,83.19,C023
528,2024-12-10,P014,10,24.55,C037
521,2024-12-11,P008,6,38.71,C034
866,2024-12-12,P017,6,32.79,C033
127,2024-12-12,P001,1,124.31,C015
496,2024-12-13,P010,1,63.75,C007
358,2024-12-13,P009,7,162.13,C039
63,2024-12-14,P015,4,85.16,C047
30,2024-12-16,P001,6,139.94,C036
152,2024-12-16,P002,8,195.75,C038
523,2024-12-16,P002,4,178.24,C034
50,2024-12-17,P019,7,86.6,C042
974,2024-12-18,P018,5,21.25,C048
381,2024-12-18,P019,5,119.29,C039
729,2024-12-19,P018,2,25.93,C036
970,2024-12-20,P003,3,146.43,C041
886,2024-12-20,P016,9,115.76,C019
305,2024-12-22,P019,3,79.24,C031
504,2024-12-22,P017,10,138.58,C018
294,2024-12-23,P006,8,60.8,C016
827,2024-12-23,P011,10,147.87,C048
949,2024-12-24,P015,3,159.23,C032
969,2024-12-25,P018,4,55.09,C048
761,2024-12-25,P010,8,14.94,C036
234,2024-12-25,P020,6,181.39,C040
124,2024-12-26,P010,7,16.64,C014
276,2024-12-27,P004,3,20.83,C034
18,2024-12-28,P009,5,79.81,C050
343,2024-12-28,P006,1,126.5,C029
600,2024-12-29,P016,3,189.79,C023
220,2024-12-31,P016,4,101.45,C045
894,2024-12-31,P007,7,120.69,C011
993,2024-12-31,P007,7,122.53,C048
426,2024-12-31,P010,8,137.41,C049
144,2025-01-01,P018,4,47.16,C043
342,2025-01-01,P006,9,162.15,C031
320,2025-01-01,P006,7,143.22,C039
389,2025-01-03,P017,9,40.59,C006
531,2025-01-04,P016,4,18.5,C030
95,2025-01-07,P019,10,23.83,C043
216,2025-01-09,P012,5,149.03,C031
667,2025-01-09,P002,8,98.91,C016
